image_path,predicted_sign,confidence
G:/Sign_language_GNN/model/imagedata-main\0\0.jpg,0,0.9999838
G:/Sign_language_GNN/model/imagedata-main\0\1.jpg,0,0.99997866
G:/Sign_language_GNN/model/imagedata-main\0\10.jpg,0,0.99998224
G:/Sign_language_GNN/model/imagedata-main\0\101.jpg,0,0.97513855
G:/Sign_language_GNN/model/imagedata-main\0\102.jpg,0,0.9799565
G:/Sign_language_GNN/model/imagedata-main\0\1022.jpg,0,0.9624852
G:/Sign_language_GNN/model/imagedata-main\0\1023.jpg,0,0.72885954
G:/Sign_language_GNN/model/imagedata-main\0\1024.jpg,0,0.89036435
G:/Sign_language_GNN/model/imagedata-main\0\1029.jpg,0,0.99871504
G:/Sign_language_GNN/model/imagedata-main\0\103.jpg,0,0.9770049
G:/Sign_language_GNN/model/imagedata-main\0\1030.jpg,0,0.99857986
G:/Sign_language_GNN/model/imagedata-main\0\1031.jpg,0,0.9976833
G:/Sign_language_GNN/model/imagedata-main\0\1032.jpg,0,0.9984303
G:/Sign_language_GNN/model/imagedata-main\0\1034.jpg,0,0.9980907
G:/Sign_language_GNN/model/imagedata-main\0\1035.jpg,0,0.9938205
G:/Sign_language_GNN/model/imagedata-main\0\1036.jpg,0,0.96435016
G:/Sign_language_GNN/model/imagedata-main\0\1037.jpg,0,0.9848141
G:/Sign_language_GNN/model/imagedata-main\0\1038.jpg,0,0.8962606
G:/Sign_language_GNN/model/imagedata-main\0\1039.jpg,0,0.77748656
G:/Sign_language_GNN/model/imagedata-main\0\104.jpg,0,0.9778
G:/Sign_language_GNN/model/imagedata-main\0\1040.jpg,0,0.9165212
G:/Sign_language_GNN/model/imagedata-main\0\1041.jpg,0,0.9567167
G:/Sign_language_GNN/model/imagedata-main\0\1042.jpg,0,0.973517
G:/Sign_language_GNN/model/imagedata-main\0\1043.jpg,0,0.9575897
G:/Sign_language_GNN/model/imagedata-main\0\1044.jpg,0,0.96624315
G:/Sign_language_GNN/model/imagedata-main\0\1045.jpg,0,0.945515
G:/Sign_language_GNN/model/imagedata-main\0\1047.jpg,0,0.9056283
G:/Sign_language_GNN/model/imagedata-main\0\105.jpg,0,0.97745824
G:/Sign_language_GNN/model/imagedata-main\0\1057.jpg,0,0.88917994
G:/Sign_language_GNN/model/imagedata-main\0\1058.jpg,0,0.79410934
G:/Sign_language_GNN/model/imagedata-main\0\106.jpg,0,0.9793413
G:/Sign_language_GNN/model/imagedata-main\0\1062.jpg,0,0.64666456
G:/Sign_language_GNN/model/imagedata-main\0\1066.jpg,0,0.99322695
G:/Sign_language_GNN/model/imagedata-main\0\1068.jpg,0,0.9890609
G:/Sign_language_GNN/model/imagedata-main\0\107.jpg,0,0.980098
G:/Sign_language_GNN/model/imagedata-main\0\1075.jpg,0,0.86415076
G:/Sign_language_GNN/model/imagedata-main\0\1076.jpg,0,0.77812344
G:/Sign_language_GNN/model/imagedata-main\0\1077.jpg,0,0.75875974
G:/Sign_language_GNN/model/imagedata-main\0\1078.jpg,0,0.9016374
G:/Sign_language_GNN/model/imagedata-main\0\1079.jpg,0,0.93068135
G:/Sign_language_GNN/model/imagedata-main\0\108.jpg,0,0.9787219
G:/Sign_language_GNN/model/imagedata-main\0\1080.jpg,0,0.96119726
G:/Sign_language_GNN/model/imagedata-main\0\1081.jpg,0,0.9751022
G:/Sign_language_GNN/model/imagedata-main\0\1082.jpg,0,0.9458826
G:/Sign_language_GNN/model/imagedata-main\0\1083.jpg,0,0.9712866
G:/Sign_language_GNN/model/imagedata-main\0\1084.jpg,0,0.96155876
G:/Sign_language_GNN/model/imagedata-main\0\1086.jpg,0,0.99997246
G:/Sign_language_GNN/model/imagedata-main\0\1087.jpg,0,0.99997723
G:/Sign_language_GNN/model/imagedata-main\0\1088.jpg,0,0.9999864
G:/Sign_language_GNN/model/imagedata-main\0\1089.jpg,0,0.9999831
G:/Sign_language_GNN/model/imagedata-main\0\109.jpg,0,0.9708193
G:/Sign_language_GNN/model/imagedata-main\0\1090.jpg,0,0.99998236
G:/Sign_language_GNN/model/imagedata-main\0\1091.jpg,0,0.9999819
G:/Sign_language_GNN/model/imagedata-main\0\1092.jpg,0,0.9999796
G:/Sign_language_GNN/model/imagedata-main\0\1093.jpg,0,0.9999765
G:/Sign_language_GNN/model/imagedata-main\0\1094.jpg,0,0.99997354
G:/Sign_language_GNN/model/imagedata-main\0\1095.jpg,0,0.99996495
G:/Sign_language_GNN/model/imagedata-main\0\1096.jpg,0,0.9999281
G:/Sign_language_GNN/model/imagedata-main\0\1097.jpg,0,0.9999629
G:/Sign_language_GNN/model/imagedata-main\0\1098.jpg,0,0.99968433
G:/Sign_language_GNN/model/imagedata-main\0\1099.jpg,0,0.9997352
G:/Sign_language_GNN/model/imagedata-main\0\11.jpg,0,0.99997985
G:/Sign_language_GNN/model/imagedata-main\0\110.jpg,0,0.9567235
G:/Sign_language_GNN/model/imagedata-main\0\1100.jpg,0,0.9997329
G:/Sign_language_GNN/model/imagedata-main\0\1101.jpg,0,0.9854506
G:/Sign_language_GNN/model/imagedata-main\0\1102.jpg,0,0.7006116
G:/Sign_language_GNN/model/imagedata-main\0\1103.jpg,0,0.7019906
G:/Sign_language_GNN/model/imagedata-main\0\1104.jpg,0,0.7419138
G:/Sign_language_GNN/model/imagedata-main\0\1105.jpg,0,0.9567667
G:/Sign_language_GNN/model/imagedata-main\0\1106.jpg,0,0.95596474
G:/Sign_language_GNN/model/imagedata-main\0\1107.jpg,0,0.9775031
G:/Sign_language_GNN/model/imagedata-main\0\1108.jpg,0,0.9688247
G:/Sign_language_GNN/model/imagedata-main\0\1109.jpg,0,0.9372137
G:/Sign_language_GNN/model/imagedata-main\0\111.jpg,0,0.89522296
G:/Sign_language_GNN/model/imagedata-main\0\1110.jpg,0,0.989199
G:/Sign_language_GNN/model/imagedata-main\0\1111.jpg,0,0.97949284
G:/Sign_language_GNN/model/imagedata-main\0\1112.jpg,0,0.97830886
G:/Sign_language_GNN/model/imagedata-main\0\1113.jpg,0,0.97830886
G:/Sign_language_GNN/model/imagedata-main\0\1114.jpg,0,0.9730724
G:/Sign_language_GNN/model/imagedata-main\0\1115.jpg,0,0.9608159
G:/Sign_language_GNN/model/imagedata-main\0\1116.jpg,0,0.9464806
G:/Sign_language_GNN/model/imagedata-main\0\1117.jpg,0,0.9284602
G:/Sign_language_GNN/model/imagedata-main\0\1118.jpg,0,0.86907095
G:/Sign_language_GNN/model/imagedata-main\0\1119.jpg,0,0.7245415
G:/Sign_language_GNN/model/imagedata-main\0\112.jpg,0,0.7893443
G:/Sign_language_GNN/model/imagedata-main\0\1120.jpg,0,0.8225465
G:/Sign_language_GNN/model/imagedata-main\0\1121.jpg,0,0.9395558
G:/Sign_language_GNN/model/imagedata-main\0\1122.jpg,0,0.9345983
G:/Sign_language_GNN/model/imagedata-main\0\1123.jpg,0,0.9041658
G:/Sign_language_GNN/model/imagedata-main\0\1124.jpg,0,0.9153694
G:/Sign_language_GNN/model/imagedata-main\0\1126.jpg,0,0.89093924
G:/Sign_language_GNN/model/imagedata-main\0\1127.jpg,0,0.88475394
G:/Sign_language_GNN/model/imagedata-main\0\1128.jpg,0,0.89084274
G:/Sign_language_GNN/model/imagedata-main\0\1129.jpg,0,0.921054
G:/Sign_language_GNN/model/imagedata-main\0\113.jpg,0,0.7681469
G:/Sign_language_GNN/model/imagedata-main\0\1130.jpg,0,0.97397214
G:/Sign_language_GNN/model/imagedata-main\0\1131.jpg,0,0.97986895
G:/Sign_language_GNN/model/imagedata-main\0\1132.jpg,0,0.98370856
G:/Sign_language_GNN/model/imagedata-main\0\1133.jpg,0,0.9665658
G:/Sign_language_GNN/model/imagedata-main\0\1134.jpg,0,0.98201454
G:/Sign_language_GNN/model/imagedata-main\0\1135.jpg,0,0.97499096
G:/Sign_language_GNN/model/imagedata-main\0\1136.jpg,0,0.9840173
G:/Sign_language_GNN/model/imagedata-main\0\1137.jpg,0,0.98805517
G:/Sign_language_GNN/model/imagedata-main\0\1139.jpg,0,0.9999112
G:/Sign_language_GNN/model/imagedata-main\0\114.jpg,0,0.767889
G:/Sign_language_GNN/model/imagedata-main\0\1140.jpg,0,0.99991965
G:/Sign_language_GNN/model/imagedata-main\0\1141.jpg,0,0.9999006
G:/Sign_language_GNN/model/imagedata-main\0\1144.jpg,0,0.9998684
G:/Sign_language_GNN/model/imagedata-main\0\1145.jpg,0,0.9999021
G:/Sign_language_GNN/model/imagedata-main\0\1146.jpg,0,0.9993832
G:/Sign_language_GNN/model/imagedata-main\0\115.jpg,0,0.73659015
G:/Sign_language_GNN/model/imagedata-main\0\1153.jpg,0,0.91772634
G:/Sign_language_GNN/model/imagedata-main\0\1154.jpg,0,0.8966168
G:/Sign_language_GNN/model/imagedata-main\0\1155.jpg,0,0.91490173
G:/Sign_language_GNN/model/imagedata-main\0\1156.jpg,0,0.8843257
G:/Sign_language_GNN/model/imagedata-main\0\1157.jpg,0,0.8991484
G:/Sign_language_GNN/model/imagedata-main\0\1158.jpg,0,0.93659556
G:/Sign_language_GNN/model/imagedata-main\0\1159.jpg,0,0.9601676
G:/Sign_language_GNN/model/imagedata-main\0\116.jpg,0,0.71691597
G:/Sign_language_GNN/model/imagedata-main\0\1160.jpg,0,0.9596787
G:/Sign_language_GNN/model/imagedata-main\0\1161.jpg,0,0.94037706
G:/Sign_language_GNN/model/imagedata-main\0\1162.jpg,0,0.9305543
G:/Sign_language_GNN/model/imagedata-main\0\1163.jpg,0,0.9455565
G:/Sign_language_GNN/model/imagedata-main\0\1164.jpg,0,0.96116215
G:/Sign_language_GNN/model/imagedata-main\0\1165.jpg,0,0.9265263
G:/Sign_language_GNN/model/imagedata-main\0\1166.jpg,0,0.91035706
G:/Sign_language_GNN/model/imagedata-main\0\1167.jpg,0,0.9078665
G:/Sign_language_GNN/model/imagedata-main\0\1168.jpg,0,0.9105637
G:/Sign_language_GNN/model/imagedata-main\0\1169.jpg,0,0.94108164
G:/Sign_language_GNN/model/imagedata-main\0\117.jpg,0,0.7113498
G:/Sign_language_GNN/model/imagedata-main\0\1170.jpg,0,0.94950575
G:/Sign_language_GNN/model/imagedata-main\0\1171.jpg,0,0.930478
G:/Sign_language_GNN/model/imagedata-main\0\1172.jpg,0,0.92421544
G:/Sign_language_GNN/model/imagedata-main\0\1173.jpg,0,0.9844365
G:/Sign_language_GNN/model/imagedata-main\0\1174.jpg,1,0.4888529
G:/Sign_language_GNN/model/imagedata-main\0\1175.jpg,0,0.9706476
G:/Sign_language_GNN/model/imagedata-main\0\1176.jpg,0,0.830404
G:/Sign_language_GNN/model/imagedata-main\0\1177.jpg,0,0.82301795
G:/Sign_language_GNN/model/imagedata-main\0\1178.jpg,0,0.8480605
G:/Sign_language_GNN/model/imagedata-main\0\1179.jpg,0,0.836206
G:/Sign_language_GNN/model/imagedata-main\0\118.jpg,0,0.75259304
G:/Sign_language_GNN/model/imagedata-main\0\1180.jpg,0,0.84271675
G:/Sign_language_GNN/model/imagedata-main\0\1181.jpg,0,0.835973
G:/Sign_language_GNN/model/imagedata-main\0\1182.jpg,0,0.8445029
G:/Sign_language_GNN/model/imagedata-main\0\1183.jpg,0,0.84316
G:/Sign_language_GNN/model/imagedata-main\0\1184.jpg,0,0.904735
G:/Sign_language_GNN/model/imagedata-main\0\1186.jpg,0,0.9981425
G:/Sign_language_GNN/model/imagedata-main\0\1188.jpg,0,0.97497195
G:/Sign_language_GNN/model/imagedata-main\0\1189.jpg,0,0.87611485
G:/Sign_language_GNN/model/imagedata-main\0\119.jpg,0,0.7785494
G:/Sign_language_GNN/model/imagedata-main\0\1190.jpg,0,0.8349484
G:/Sign_language_GNN/model/imagedata-main\0\1191.jpg,0,0.84516454
G:/Sign_language_GNN/model/imagedata-main\0\1193.jpg,0,0.9004137
G:/Sign_language_GNN/model/imagedata-main\0\1194.jpg,0,0.96309304
G:/Sign_language_GNN/model/imagedata-main\0\1195.jpg,0,0.96979564
G:/Sign_language_GNN/model/imagedata-main\0\1196.jpg,0,0.9650664
G:/Sign_language_GNN/model/imagedata-main\0\1197.jpg,0,0.9068889
G:/Sign_language_GNN/model/imagedata-main\0\1198.jpg,0,0.8226442
G:/Sign_language_GNN/model/imagedata-main\0\1199.jpg,0,0.7968813
G:/Sign_language_GNN/model/imagedata-main\0\12.jpg,0,0.9999534
G:/Sign_language_GNN/model/imagedata-main\0\120.jpg,0,0.78833765
G:/Sign_language_GNN/model/imagedata-main\0\1200.jpg,0,0.8058147
G:/Sign_language_GNN/model/imagedata-main\0\1202.jpg,0,0.9784814
G:/Sign_language_GNN/model/imagedata-main\0\1203.jpg,0,0.97580427
G:/Sign_language_GNN/model/imagedata-main\0\1204.jpg,0,0.9540103
G:/Sign_language_GNN/model/imagedata-main\0\1205.jpg,0,0.90173274
G:/Sign_language_GNN/model/imagedata-main\0\1206.jpg,0,0.8650347
G:/Sign_language_GNN/model/imagedata-main\0\1207.jpg,0,0.8678429
G:/Sign_language_GNN/model/imagedata-main\0\1208.jpg,0,0.92187685
G:/Sign_language_GNN/model/imagedata-main\0\1209.jpg,0,0.93402046
G:/Sign_language_GNN/model/imagedata-main\0\121.jpg,0,0.77097195
G:/Sign_language_GNN/model/imagedata-main\0\1210.jpg,0,0.9635841
G:/Sign_language_GNN/model/imagedata-main\0\1211.jpg,0,0.9633897
G:/Sign_language_GNN/model/imagedata-main\0\1213.jpg,0,0.9145797
G:/Sign_language_GNN/model/imagedata-main\0\1214.jpg,0,0.94278777
G:/Sign_language_GNN/model/imagedata-main\0\1215.jpg,0,0.86662245
G:/Sign_language_GNN/model/imagedata-main\0\1216.jpg,0,0.86639
G:/Sign_language_GNN/model/imagedata-main\0\1217.jpg,0,0.87207925
G:/Sign_language_GNN/model/imagedata-main\0\1218.jpg,0,0.9003819
G:/Sign_language_GNN/model/imagedata-main\0\1219.jpg,0,0.9182667
G:/Sign_language_GNN/model/imagedata-main\0\122.jpg,0,0.7941632
G:/Sign_language_GNN/model/imagedata-main\0\1220.jpg,0,0.94050217
G:/Sign_language_GNN/model/imagedata-main\0\1221.jpg,0,0.9619771
G:/Sign_language_GNN/model/imagedata-main\0\1222.jpg,0,0.96893936
G:/Sign_language_GNN/model/imagedata-main\0\1223.jpg,0,0.9685868
G:/Sign_language_GNN/model/imagedata-main\0\1224.jpg,0,0.9608082
G:/Sign_language_GNN/model/imagedata-main\0\1225.jpg,0,0.94669545
G:/Sign_language_GNN/model/imagedata-main\0\1226.jpg,0,0.8867398
G:/Sign_language_GNN/model/imagedata-main\0\1227.jpg,0,0.9268841
G:/Sign_language_GNN/model/imagedata-main\0\1228.jpg,0,0.9953283
G:/Sign_language_GNN/model/imagedata-main\0\123.jpg,0,0.79666585
G:/Sign_language_GNN/model/imagedata-main\0\1237.jpg,0,0.99986815
G:/Sign_language_GNN/model/imagedata-main\0\1238.jpg,0,0.9765786
G:/Sign_language_GNN/model/imagedata-main\0\1239.jpg,0,0.99858284
G:/Sign_language_GNN/model/imagedata-main\0\124.jpg,0,0.837712
G:/Sign_language_GNN/model/imagedata-main\0\1240.jpg,0,0.9979522
G:/Sign_language_GNN/model/imagedata-main\0\1241.jpg,0,0.99824643
G:/Sign_language_GNN/model/imagedata-main\0\1244.jpg,0,0.93502694
G:/Sign_language_GNN/model/imagedata-main\0\1245.jpg,0,0.99087584
G:/Sign_language_GNN/model/imagedata-main\0\1246.jpg,0,0.9999902
G:/Sign_language_GNN/model/imagedata-main\0\1248.jpg,0,0.8117965
G:/Sign_language_GNN/model/imagedata-main\0\1249.jpg,0,0.89036435
G:/Sign_language_GNN/model/imagedata-main\0\125.jpg,0,0.8259284
G:/Sign_language_GNN/model/imagedata-main\0\1250.jpg,0,0.919698
G:/Sign_language_GNN/model/imagedata-main\0\1251.jpg,0,0.9314838
G:/Sign_language_GNN/model/imagedata-main\0\1252.jpg,0,0.9253139
G:/Sign_language_GNN/model/imagedata-main\0\1253.jpg,0,0.9276869
G:/Sign_language_GNN/model/imagedata-main\0\1254.jpg,0,0.9315385
G:/Sign_language_GNN/model/imagedata-main\0\1255.jpg,0,0.9035719
G:/Sign_language_GNN/model/imagedata-main\0\1256.jpg,0,0.9171841
G:/Sign_language_GNN/model/imagedata-main\0\1257.jpg,0,0.90970004
G:/Sign_language_GNN/model/imagedata-main\0\1258.jpg,0,0.9316326
G:/Sign_language_GNN/model/imagedata-main\0\1259.jpg,0,0.9672527
G:/Sign_language_GNN/model/imagedata-main\0\126.jpg,0,0.7191369
G:/Sign_language_GNN/model/imagedata-main\0\1260.jpg,0,0.9906583
G:/Sign_language_GNN/model/imagedata-main\0\1261.jpg,0,0.99690586
G:/Sign_language_GNN/model/imagedata-main\0\1262.jpg,0,0.9964216
G:/Sign_language_GNN/model/imagedata-main\0\1263.jpg,0,0.99704427
G:/Sign_language_GNN/model/imagedata-main\0\1264.jpg,0,0.9965289
G:/Sign_language_GNN/model/imagedata-main\0\1265.jpg,0,0.9966826
G:/Sign_language_GNN/model/imagedata-main\0\1266.jpg,0,0.99722147
G:/Sign_language_GNN/model/imagedata-main\0\1267.jpg,0,0.9968798
G:/Sign_language_GNN/model/imagedata-main\0\1268.jpg,0,0.9970862
G:/Sign_language_GNN/model/imagedata-main\0\1269.jpg,0,0.9914971
G:/Sign_language_GNN/model/imagedata-main\0\127.jpg,0,0.7542566
G:/Sign_language_GNN/model/imagedata-main\0\1270.jpg,0,0.9480097
G:/Sign_language_GNN/model/imagedata-main\0\1271.jpg,0,0.955048
G:/Sign_language_GNN/model/imagedata-main\0\1272.jpg,0,0.9523626
G:/Sign_language_GNN/model/imagedata-main\0\1273.jpg,0,0.9534106
G:/Sign_language_GNN/model/imagedata-main\0\1274.jpg,0,0.95057803
G:/Sign_language_GNN/model/imagedata-main\0\1275.jpg,0,0.9446446
G:/Sign_language_GNN/model/imagedata-main\0\1276.jpg,0,0.9519358
G:/Sign_language_GNN/model/imagedata-main\0\1277.jpg,0,0.9497245
G:/Sign_language_GNN/model/imagedata-main\0\1278.jpg,0,0.9484956
G:/Sign_language_GNN/model/imagedata-main\0\1279.jpg,0,0.94842523
G:/Sign_language_GNN/model/imagedata-main\0\128.jpg,0,0.8181327
G:/Sign_language_GNN/model/imagedata-main\0\1280.jpg,0,0.9521313
G:/Sign_language_GNN/model/imagedata-main\0\1281.jpg,0,0.95718056
G:/Sign_language_GNN/model/imagedata-main\0\1282.jpg,0,0.95873594
G:/Sign_language_GNN/model/imagedata-main\0\1283.jpg,0,0.987151
G:/Sign_language_GNN/model/imagedata-main\0\1284.jpg,0,0.9921037
G:/Sign_language_GNN/model/imagedata-main\0\1285.jpg,0,0.9939268
G:/Sign_language_GNN/model/imagedata-main\0\1286.jpg,0,0.99185055
G:/Sign_language_GNN/model/imagedata-main\0\1287.jpg,0,0.9927336
G:/Sign_language_GNN/model/imagedata-main\0\1288.jpg,0,0.9912798
G:/Sign_language_GNN/model/imagedata-main\0\1289.jpg,0,0.9908518
G:/Sign_language_GNN/model/imagedata-main\0\129.jpg,0,0.90189135
G:/Sign_language_GNN/model/imagedata-main\0\1290.jpg,0,0.9826288
G:/Sign_language_GNN/model/imagedata-main\0\1291.jpg,0,0.9821377
G:/Sign_language_GNN/model/imagedata-main\0\1292.jpg,0,0.98255265
G:/Sign_language_GNN/model/imagedata-main\0\1293.jpg,0,0.9769175
G:/Sign_language_GNN/model/imagedata-main\0\1294.jpg,0,0.9777069
G:/Sign_language_GNN/model/imagedata-main\0\1295.jpg,0,0.9810697
G:/Sign_language_GNN/model/imagedata-main\0\1296.jpg,0,0.98335475
G:/Sign_language_GNN/model/imagedata-main\0\1297.jpg,0,0.98810494
G:/Sign_language_GNN/model/imagedata-main\0\1298.jpg,0,0.98755926
G:/Sign_language_GNN/model/imagedata-main\0\1299.jpg,0,0.9834426
G:/Sign_language_GNN/model/imagedata-main\0\13.jpg,0,0.99997735
G:/Sign_language_GNN/model/imagedata-main\0\130.jpg,0,0.94359714
G:/Sign_language_GNN/model/imagedata-main\0\1300.jpg,0,0.988591
G:/Sign_language_GNN/model/imagedata-main\0\1301.jpg,0,0.98611987
G:/Sign_language_GNN/model/imagedata-main\0\1302.jpg,0,0.9929737
G:/Sign_language_GNN/model/imagedata-main\0\1303.jpg,0,0.9914688
G:/Sign_language_GNN/model/imagedata-main\0\1304.jpg,0,0.99349844
G:/Sign_language_GNN/model/imagedata-main\0\1305.jpg,0,0.9939095
G:/Sign_language_GNN/model/imagedata-main\0\1306.jpg,0,0.99522024
G:/Sign_language_GNN/model/imagedata-main\0\1307.jpg,0,0.9952205
G:/Sign_language_GNN/model/imagedata-main\0\1308.jpg,0,0.99456704
G:/Sign_language_GNN/model/imagedata-main\0\1309.jpg,0,0.99573815
G:/Sign_language_GNN/model/imagedata-main\0\131.jpg,0,0.9751796
G:/Sign_language_GNN/model/imagedata-main\0\1310.jpg,0,0.9965545
G:/Sign_language_GNN/model/imagedata-main\0\1311.jpg,0,0.99679583
G:/Sign_language_GNN/model/imagedata-main\0\1312.jpg,0,0.9958632
G:/Sign_language_GNN/model/imagedata-main\0\1313.jpg,0,0.99602294
G:/Sign_language_GNN/model/imagedata-main\0\1314.jpg,0,0.9952199
G:/Sign_language_GNN/model/imagedata-main\0\1315.jpg,0,0.9961881
G:/Sign_language_GNN/model/imagedata-main\0\1316.jpg,0,0.9956118
G:/Sign_language_GNN/model/imagedata-main\0\1317.jpg,0,0.99075353
G:/Sign_language_GNN/model/imagedata-main\0\1318.jpg,0,0.9904378
G:/Sign_language_GNN/model/imagedata-main\0\1319.jpg,0,0.9904378
G:/Sign_language_GNN/model/imagedata-main\0\132.jpg,0,0.9803361
G:/Sign_language_GNN/model/imagedata-main\0\1320.jpg,0,0.9853768
G:/Sign_language_GNN/model/imagedata-main\0\1321.jpg,0,0.985753
G:/Sign_language_GNN/model/imagedata-main\0\1322.jpg,0,0.9653887
G:/Sign_language_GNN/model/imagedata-main\0\1323.jpg,0,0.94013464
G:/Sign_language_GNN/model/imagedata-main\0\1324.jpg,0,0.8874266
G:/Sign_language_GNN/model/imagedata-main\0\1325.jpg,0,0.8321881
G:/Sign_language_GNN/model/imagedata-main\0\1326.jpg,0,0.7499728
G:/Sign_language_GNN/model/imagedata-main\0\1327.jpg,0,0.6920449
G:/Sign_language_GNN/model/imagedata-main\0\1328.jpg,0,0.6950869
G:/Sign_language_GNN/model/imagedata-main\0\1329.jpg,0,0.69131535
G:/Sign_language_GNN/model/imagedata-main\0\133.jpg,0,0.9820998
G:/Sign_language_GNN/model/imagedata-main\0\1330.jpg,0,0.7490626
G:/Sign_language_GNN/model/imagedata-main\0\1331.jpg,0,0.8231072
G:/Sign_language_GNN/model/imagedata-main\0\1332.jpg,0,0.8464733
G:/Sign_language_GNN/model/imagedata-main\0\1333.jpg,0,0.89840513
G:/Sign_language_GNN/model/imagedata-main\0\1334.jpg,0,0.9446386
G:/Sign_language_GNN/model/imagedata-main\0\1335.jpg,0,0.9627954
G:/Sign_language_GNN/model/imagedata-main\0\1336.jpg,0,0.95890516
G:/Sign_language_GNN/model/imagedata-main\0\1337.jpg,0,0.9712176
G:/Sign_language_GNN/model/imagedata-main\0\1338.jpg,0,0.98030853
G:/Sign_language_GNN/model/imagedata-main\0\1339.jpg,0,0.98023945
G:/Sign_language_GNN/model/imagedata-main\0\134.jpg,0,0.9812026
G:/Sign_language_GNN/model/imagedata-main\0\1340.jpg,0,0.9784694
G:/Sign_language_GNN/model/imagedata-main\0\1341.jpg,0,0.98327905
G:/Sign_language_GNN/model/imagedata-main\0\1342.jpg,0,0.9840359
G:/Sign_language_GNN/model/imagedata-main\0\1343.jpg,0,0.9850418
G:/Sign_language_GNN/model/imagedata-main\0\1344.jpg,0,0.9860152
G:/Sign_language_GNN/model/imagedata-main\0\1345.jpg,0,0.9862926
G:/Sign_language_GNN/model/imagedata-main\0\1346.jpg,0,0.985374
G:/Sign_language_GNN/model/imagedata-main\0\1347.jpg,0,0.9769507
G:/Sign_language_GNN/model/imagedata-main\0\1348.jpg,0,0.9663854
G:/Sign_language_GNN/model/imagedata-main\0\1349.jpg,0,0.94218916
G:/Sign_language_GNN/model/imagedata-main\0\135.jpg,0,0.97977084
G:/Sign_language_GNN/model/imagedata-main\0\1350.jpg,0,0.9313196
G:/Sign_language_GNN/model/imagedata-main\0\1351.jpg,0,0.9273574
G:/Sign_language_GNN/model/imagedata-main\0\1352.jpg,0,0.8520521
G:/Sign_language_GNN/model/imagedata-main\0\1353.jpg,0,0.7957875
G:/Sign_language_GNN/model/imagedata-main\0\1354.jpg,0,0.76997864
G:/Sign_language_GNN/model/imagedata-main\0\1355.jpg,0,0.8062597
G:/Sign_language_GNN/model/imagedata-main\0\1356.jpg,0,0.8537265
G:/Sign_language_GNN/model/imagedata-main\0\1357.jpg,0,0.87578267
G:/Sign_language_GNN/model/imagedata-main\0\1358.jpg,0,0.8886703
G:/Sign_language_GNN/model/imagedata-main\0\1359.jpg,0,0.9237704
G:/Sign_language_GNN/model/imagedata-main\0\136.jpg,0,0.978667
G:/Sign_language_GNN/model/imagedata-main\0\1360.jpg,0,0.9419452
G:/Sign_language_GNN/model/imagedata-main\0\1361.jpg,0,0.9509528
G:/Sign_language_GNN/model/imagedata-main\0\1362.jpg,0,0.95903945
G:/Sign_language_GNN/model/imagedata-main\0\1363.jpg,0,0.9613156
G:/Sign_language_GNN/model/imagedata-main\0\1364.jpg,0,0.96258336
G:/Sign_language_GNN/model/imagedata-main\0\1365.jpg,0,0.96557736
G:/Sign_language_GNN/model/imagedata-main\0\1366.jpg,0,0.9609896
G:/Sign_language_GNN/model/imagedata-main\0\1367.jpg,0,0.9696619
G:/Sign_language_GNN/model/imagedata-main\0\1368.jpg,0,0.95236576
G:/Sign_language_GNN/model/imagedata-main\0\1369.jpg,0,0.92871344
G:/Sign_language_GNN/model/imagedata-main\0\137.jpg,0,0.9760853
G:/Sign_language_GNN/model/imagedata-main\0\1370.jpg,0,0.96437854
G:/Sign_language_GNN/model/imagedata-main\0\1371.jpg,0,0.9632532
G:/Sign_language_GNN/model/imagedata-main\0\1372.jpg,0,0.9213612
G:/Sign_language_GNN/model/imagedata-main\0\1373.jpg,0,0.9318025
G:/Sign_language_GNN/model/imagedata-main\0\1374.jpg,0,0.94539106
G:/Sign_language_GNN/model/imagedata-main\0\1375.jpg,0,0.94152063
G:/Sign_language_GNN/model/imagedata-main\0\1376.jpg,0,0.94534665
G:/Sign_language_GNN/model/imagedata-main\0\1377.jpg,0,0.9382731
G:/Sign_language_GNN/model/imagedata-main\0\1378.jpg,0,0.94103754
G:/Sign_language_GNN/model/imagedata-main\0\1379.jpg,0,0.9496829
G:/Sign_language_GNN/model/imagedata-main\0\138.jpg,0,0.96420795
G:/Sign_language_GNN/model/imagedata-main\0\1380.jpg,0,0.9585445
G:/Sign_language_GNN/model/imagedata-main\0\1381.jpg,0,0.9589736
G:/Sign_language_GNN/model/imagedata-main\0\1382.jpg,0,0.96078277
G:/Sign_language_GNN/model/imagedata-main\0\1383.jpg,0,0.9524278
G:/Sign_language_GNN/model/imagedata-main\0\1384.jpg,0,0.94493556
G:/Sign_language_GNN/model/imagedata-main\0\1385.jpg,0,0.94648474
G:/Sign_language_GNN/model/imagedata-main\0\1386.jpg,0,0.9407084
G:/Sign_language_GNN/model/imagedata-main\0\1387.jpg,0,0.947608
G:/Sign_language_GNN/model/imagedata-main\0\1388.jpg,0,0.9435336
G:/Sign_language_GNN/model/imagedata-main\0\1389.jpg,0,0.9598571
G:/Sign_language_GNN/model/imagedata-main\0\139.jpg,0,0.96116114
G:/Sign_language_GNN/model/imagedata-main\0\1390.jpg,0,0.9588073
G:/Sign_language_GNN/model/imagedata-main\0\1391.jpg,0,0.9655195
G:/Sign_language_GNN/model/imagedata-main\0\1392.jpg,0,0.96808106
G:/Sign_language_GNN/model/imagedata-main\0\1393.jpg,0,0.9625374
G:/Sign_language_GNN/model/imagedata-main\0\1394.jpg,0,0.9571622
G:/Sign_language_GNN/model/imagedata-main\0\1395.jpg,0,0.96186
G:/Sign_language_GNN/model/imagedata-main\0\1396.jpg,0,0.9562287
G:/Sign_language_GNN/model/imagedata-main\0\1397.jpg,0,0.94949955
G:/Sign_language_GNN/model/imagedata-main\0\1398.jpg,0,0.9573769
G:/Sign_language_GNN/model/imagedata-main\0\1399.jpg,0,0.95601106
G:/Sign_language_GNN/model/imagedata-main\0\14.jpg,0,0.99996305
G:/Sign_language_GNN/model/imagedata-main\0\140.jpg,0,0.9547564
G:/Sign_language_GNN/model/imagedata-main\0\141.jpg,0,0.9564114
G:/Sign_language_GNN/model/imagedata-main\0\142.jpg,0,0.95260876
G:/Sign_language_GNN/model/imagedata-main\0\143.jpg,0,0.95355505
G:/Sign_language_GNN/model/imagedata-main\0\144.jpg,0,0.95285344
G:/Sign_language_GNN/model/imagedata-main\0\145.jpg,0,0.95285344
G:/Sign_language_GNN/model/imagedata-main\0\146.jpg,0,0.943925
G:/Sign_language_GNN/model/imagedata-main\0\147.jpg,0,0.9360962
G:/Sign_language_GNN/model/imagedata-main\0\148.jpg,0,0.92696166
G:/Sign_language_GNN/model/imagedata-main\0\149.jpg,0,0.9199802
G:/Sign_language_GNN/model/imagedata-main\0\15.jpg,0,0.99992096
G:/Sign_language_GNN/model/imagedata-main\0\150.jpg,0,0.926771
G:/Sign_language_GNN/model/imagedata-main\0\151.jpg,0,0.94255316
G:/Sign_language_GNN/model/imagedata-main\0\152.jpg,0,0.9696343
G:/Sign_language_GNN/model/imagedata-main\0\153.jpg,0,0.97043085
G:/Sign_language_GNN/model/imagedata-main\0\154.jpg,0,0.9720651
G:/Sign_language_GNN/model/imagedata-main\0\155.jpg,0,0.97189695
G:/Sign_language_GNN/model/imagedata-main\0\156.jpg,0,0.9746131
G:/Sign_language_GNN/model/imagedata-main\0\157.jpg,0,0.9704873
G:/Sign_language_GNN/model/imagedata-main\0\158.jpg,0,0.97239935
G:/Sign_language_GNN/model/imagedata-main\0\159.jpg,0,0.96999323
G:/Sign_language_GNN/model/imagedata-main\0\16.jpg,0,0.9997135
G:/Sign_language_GNN/model/imagedata-main\0\160.jpg,0,0.97003615
G:/Sign_language_GNN/model/imagedata-main\0\161.jpg,0,0.9720659
G:/Sign_language_GNN/model/imagedata-main\0\17.jpg,0,0.9995591
G:/Sign_language_GNN/model/imagedata-main\0\176.jpg,0,0.83540064
G:/Sign_language_GNN/model/imagedata-main\0\177.jpg,0,0.8745445
G:/Sign_language_GNN/model/imagedata-main\0\179.jpg,0,0.8840974
G:/Sign_language_GNN/model/imagedata-main\0\18.jpg,0,0.9991678
G:/Sign_language_GNN/model/imagedata-main\0\180.jpg,0,0.88580567
G:/Sign_language_GNN/model/imagedata-main\0\181.jpg,0,0.86166704
G:/Sign_language_GNN/model/imagedata-main\0\182.jpg,0,0.8737014
G:/Sign_language_GNN/model/imagedata-main\0\183.jpg,0,0.86501944
G:/Sign_language_GNN/model/imagedata-main\0\184.jpg,0,0.8852999
G:/Sign_language_GNN/model/imagedata-main\0\185.jpg,0,0.8588498
G:/Sign_language_GNN/model/imagedata-main\0\186.jpg,0,0.89852446
G:/Sign_language_GNN/model/imagedata-main\0\187.jpg,0,0.8598491
G:/Sign_language_GNN/model/imagedata-main\0\188.jpg,0,0.8825663
G:/Sign_language_GNN/model/imagedata-main\0\189.jpg,0,0.8325909
G:/Sign_language_GNN/model/imagedata-main\0\19.jpg,0,0.9999701
G:/Sign_language_GNN/model/imagedata-main\0\190.jpg,0,0.8704228
G:/Sign_language_GNN/model/imagedata-main\0\191.jpg,0,0.7979698
G:/Sign_language_GNN/model/imagedata-main\0\192.jpg,0,0.85600847
G:/Sign_language_GNN/model/imagedata-main\0\193.jpg,0,0.8495424
G:/Sign_language_GNN/model/imagedata-main\0\194.jpg,0,0.82065517
G:/Sign_language_GNN/model/imagedata-main\0\195.jpg,0,0.8012028
G:/Sign_language_GNN/model/imagedata-main\0\196.jpg,0,0.88721687
G:/Sign_language_GNN/model/imagedata-main\0\197.jpg,0,0.8975538
G:/Sign_language_GNN/model/imagedata-main\0\198.jpg,0,0.9141966
G:/Sign_language_GNN/model/imagedata-main\0\199.jpg,0,0.9010992
G:/Sign_language_GNN/model/imagedata-main\0\2.jpg,0,0.9999794
G:/Sign_language_GNN/model/imagedata-main\0\20.jpg,0,0.98264563
G:/Sign_language_GNN/model/imagedata-main\0\200.jpg,0,0.9112764
G:/Sign_language_GNN/model/imagedata-main\0\201.jpg,0,0.91311234
G:/Sign_language_GNN/model/imagedata-main\0\202.jpg,0,0.9263377
G:/Sign_language_GNN/model/imagedata-main\0\203.jpg,0,0.94236594
G:/Sign_language_GNN/model/imagedata-main\0\204.jpg,0,0.9326392
G:/Sign_language_GNN/model/imagedata-main\0\205.jpg,0,0.95178366
G:/Sign_language_GNN/model/imagedata-main\0\206.jpg,0,0.95774764
G:/Sign_language_GNN/model/imagedata-main\0\207.jpg,0,0.9392676
G:/Sign_language_GNN/model/imagedata-main\0\208.jpg,0,0.936047
G:/Sign_language_GNN/model/imagedata-main\0\209.jpg,0,0.9489047
G:/Sign_language_GNN/model/imagedata-main\0\21.jpg,0,0.98373127
G:/Sign_language_GNN/model/imagedata-main\0\210.jpg,0,0.9193647
G:/Sign_language_GNN/model/imagedata-main\0\211.jpg,0,0.95823777
G:/Sign_language_GNN/model/imagedata-main\0\212.jpg,0,0.95823777
G:/Sign_language_GNN/model/imagedata-main\0\213.jpg,0,0.9479375
G:/Sign_language_GNN/model/imagedata-main\0\214.jpg,0,0.94726837
G:/Sign_language_GNN/model/imagedata-main\0\215.jpg,0,0.96693623
G:/Sign_language_GNN/model/imagedata-main\0\216.jpg,0,0.9514833
G:/Sign_language_GNN/model/imagedata-main\0\217.jpg,0,0.957344
G:/Sign_language_GNN/model/imagedata-main\0\218.jpg,0,0.9499793
G:/Sign_language_GNN/model/imagedata-main\0\219.jpg,0,0.9664405
G:/Sign_language_GNN/model/imagedata-main\0\22.jpg,0,0.9826202
G:/Sign_language_GNN/model/imagedata-main\0\220.jpg,0,0.9428755
G:/Sign_language_GNN/model/imagedata-main\0\221.jpg,0,0.97283554
G:/Sign_language_GNN/model/imagedata-main\0\222.jpg,0,0.96555203
G:/Sign_language_GNN/model/imagedata-main\0\223.jpg,0,0.97518075
G:/Sign_language_GNN/model/imagedata-main\0\224.jpg,0,0.9819532
G:/Sign_language_GNN/model/imagedata-main\0\225.jpg,0,0.9884998
G:/Sign_language_GNN/model/imagedata-main\0\226.jpg,0,0.98940045
G:/Sign_language_GNN/model/imagedata-main\0\227.jpg,0,0.9899748
G:/Sign_language_GNN/model/imagedata-main\0\228.jpg,0,0.98802817
G:/Sign_language_GNN/model/imagedata-main\0\229.jpg,0,0.9909662
G:/Sign_language_GNN/model/imagedata-main\0\23.jpg,0,0.9829512
G:/Sign_language_GNN/model/imagedata-main\0\230.jpg,0,0.9901357
G:/Sign_language_GNN/model/imagedata-main\0\231.jpg,0,0.99353325
G:/Sign_language_GNN/model/imagedata-main\0\232.jpg,0,0.99413955
G:/Sign_language_GNN/model/imagedata-main\0\233.jpg,0,0.9947402
G:/Sign_language_GNN/model/imagedata-main\0\234.jpg,0,0.992927
G:/Sign_language_GNN/model/imagedata-main\0\235.jpg,0,0.9921341
G:/Sign_language_GNN/model/imagedata-main\0\236.jpg,0,0.9947931
G:/Sign_language_GNN/model/imagedata-main\0\237.jpg,0,0.96540356
G:/Sign_language_GNN/model/imagedata-main\0\238.jpg,0,0.9241631
G:/Sign_language_GNN/model/imagedata-main\0\239.jpg,0,0.92448103
G:/Sign_language_GNN/model/imagedata-main\0\24.jpg,0,0.982982
G:/Sign_language_GNN/model/imagedata-main\0\240.jpg,0,0.910112
G:/Sign_language_GNN/model/imagedata-main\0\241.jpg,0,0.92059267
G:/Sign_language_GNN/model/imagedata-main\0\242.jpg,0,0.91980624
G:/Sign_language_GNN/model/imagedata-main\0\243.jpg,0,0.92664933
G:/Sign_language_GNN/model/imagedata-main\0\244.jpg,0,0.9175573
G:/Sign_language_GNN/model/imagedata-main\0\245.jpg,0,0.955713
G:/Sign_language_GNN/model/imagedata-main\0\246.jpg,0,0.9308124
G:/Sign_language_GNN/model/imagedata-main\0\247.jpg,0,0.92486197
G:/Sign_language_GNN/model/imagedata-main\0\249.jpg,0,0.8840446
G:/Sign_language_GNN/model/imagedata-main\0\25.jpg,0,0.98282135
G:/Sign_language_GNN/model/imagedata-main\0\250.jpg,0,0.88137126
G:/Sign_language_GNN/model/imagedata-main\0\251.jpg,0,0.873141
G:/Sign_language_GNN/model/imagedata-main\0\252.jpg,0,0.869388
G:/Sign_language_GNN/model/imagedata-main\0\253.jpg,0,0.8505867
G:/Sign_language_GNN/model/imagedata-main\0\254.jpg,0,0.8505867
G:/Sign_language_GNN/model/imagedata-main\0\255.jpg,0,0.81655717
G:/Sign_language_GNN/model/imagedata-main\0\256.jpg,0,0.7730273
G:/Sign_language_GNN/model/imagedata-main\0\257.jpg,0,0.73464286
G:/Sign_language_GNN/model/imagedata-main\0\258.jpg,0,0.7143179
G:/Sign_language_GNN/model/imagedata-main\0\259.jpg,0,0.6645523
G:/Sign_language_GNN/model/imagedata-main\0\26.jpg,0,0.98282844
G:/Sign_language_GNN/model/imagedata-main\0\260.jpg,0,0.6398488
G:/Sign_language_GNN/model/imagedata-main\0\261.jpg,0,0.695562
G:/Sign_language_GNN/model/imagedata-main\0\262.jpg,0,0.672549
G:/Sign_language_GNN/model/imagedata-main\0\263.jpg,0,0.7166424
G:/Sign_language_GNN/model/imagedata-main\0\264.jpg,0,0.70524555
G:/Sign_language_GNN/model/imagedata-main\0\265.jpg,0,0.69307524
G:/Sign_language_GNN/model/imagedata-main\0\266.jpg,0,0.6094666
G:/Sign_language_GNN/model/imagedata-main\0\267.jpg,0,0.6179711
G:/Sign_language_GNN/model/imagedata-main\0\268.jpg,0,0.6291584
G:/Sign_language_GNN/model/imagedata-main\0\269.jpg,0,0.64887804
G:/Sign_language_GNN/model/imagedata-main\0\27.jpg,0,0.98266834
G:/Sign_language_GNN/model/imagedata-main\0\270.jpg,0,0.67475826
G:/Sign_language_GNN/model/imagedata-main\0\271.jpg,0,0.69524205
G:/Sign_language_GNN/model/imagedata-main\0\272.jpg,0,0.7594437
G:/Sign_language_GNN/model/imagedata-main\0\273.jpg,0,0.73332286
G:/Sign_language_GNN/model/imagedata-main\0\274.jpg,0,0.8220789
G:/Sign_language_GNN/model/imagedata-main\0\275.jpg,0,0.8277194
G:/Sign_language_GNN/model/imagedata-main\0\276.jpg,0,0.84193236
G:/Sign_language_GNN/model/imagedata-main\0\277.jpg,0,0.84299105
G:/Sign_language_GNN/model/imagedata-main\0\278.jpg,0,0.86272603
G:/Sign_language_GNN/model/imagedata-main\0\279.jpg,0,0.85744876
G:/Sign_language_GNN/model/imagedata-main\0\28.jpg,0,0.98272103
G:/Sign_language_GNN/model/imagedata-main\0\280.jpg,0,0.8717637
G:/Sign_language_GNN/model/imagedata-main\0\281.jpg,0,0.8840769
G:/Sign_language_GNN/model/imagedata-main\0\282.jpg,0,0.90683025
G:/Sign_language_GNN/model/imagedata-main\0\283.jpg,0,0.8927935
G:/Sign_language_GNN/model/imagedata-main\0\284.jpg,0,0.92129564
G:/Sign_language_GNN/model/imagedata-main\0\285.jpg,0,0.92477846
G:/Sign_language_GNN/model/imagedata-main\0\286.jpg,0,0.9144797
G:/Sign_language_GNN/model/imagedata-main\0\287.jpg,0,0.9351406
G:/Sign_language_GNN/model/imagedata-main\0\288.jpg,0,0.9328162
G:/Sign_language_GNN/model/imagedata-main\0\289.jpg,0,0.92787653
G:/Sign_language_GNN/model/imagedata-main\0\29.jpg,0,0.9829117
G:/Sign_language_GNN/model/imagedata-main\0\290.jpg,0,0.9372294
G:/Sign_language_GNN/model/imagedata-main\0\291.jpg,0,0.9515834
G:/Sign_language_GNN/model/imagedata-main\0\292.jpg,0,0.94911623
G:/Sign_language_GNN/model/imagedata-main\0\293.jpg,0,0.9373153
G:/Sign_language_GNN/model/imagedata-main\0\294.jpg,0,0.97341806
G:/Sign_language_GNN/model/imagedata-main\0\295.jpg,0,0.988955
G:/Sign_language_GNN/model/imagedata-main\0\296.jpg,0,0.99059653
G:/Sign_language_GNN/model/imagedata-main\0\297.jpg,0,0.99737513
G:/Sign_language_GNN/model/imagedata-main\0\298.jpg,0,0.9985812
G:/Sign_language_GNN/model/imagedata-main\0\299.jpg,0,0.9993025
G:/Sign_language_GNN/model/imagedata-main\0\3.jpg,0,0.99998224
G:/Sign_language_GNN/model/imagedata-main\0\30.jpg,0,0.9818907
G:/Sign_language_GNN/model/imagedata-main\0\300.jpg,0,0.99910444
G:/Sign_language_GNN/model/imagedata-main\0\301.jpg,0,0.99964964
G:/Sign_language_GNN/model/imagedata-main\0\302.jpg,0,0.999551
G:/Sign_language_GNN/model/imagedata-main\0\303.jpg,0,0.9996737
G:/Sign_language_GNN/model/imagedata-main\0\304.jpg,0,0.99971503
G:/Sign_language_GNN/model/imagedata-main\0\305.jpg,0,0.9995796
G:/Sign_language_GNN/model/imagedata-main\0\306.jpg,0,0.99960274
G:/Sign_language_GNN/model/imagedata-main\0\307.jpg,0,0.99969006
G:/Sign_language_GNN/model/imagedata-main\0\308.jpg,0,0.999665
G:/Sign_language_GNN/model/imagedata-main\0\309.jpg,0,0.99965703
G:/Sign_language_GNN/model/imagedata-main\0\31.jpg,0,0.98207456
G:/Sign_language_GNN/model/imagedata-main\0\310.jpg,0,0.9996995
G:/Sign_language_GNN/model/imagedata-main\0\311.jpg,0,0.9996972
G:/Sign_language_GNN/model/imagedata-main\0\312.jpg,0,0.99991083
G:/Sign_language_GNN/model/imagedata-main\0\313.jpg,0,0.99981743
G:/Sign_language_GNN/model/imagedata-main\0\314.jpg,0,0.99970716
G:/Sign_language_GNN/model/imagedata-main\0\315.jpg,0,0.9993224
G:/Sign_language_GNN/model/imagedata-main\0\316.jpg,0,0.9990206
G:/Sign_language_GNN/model/imagedata-main\0\317.jpg,0,0.999605
G:/Sign_language_GNN/model/imagedata-main\0\318.jpg,0,0.9992848
G:/Sign_language_GNN/model/imagedata-main\0\319.jpg,0,0.99917066
G:/Sign_language_GNN/model/imagedata-main\0\32.jpg,0,0.9824728
G:/Sign_language_GNN/model/imagedata-main\0\320.jpg,0,0.99948466
G:/Sign_language_GNN/model/imagedata-main\0\321.jpg,0,0.9990038
G:/Sign_language_GNN/model/imagedata-main\0\322.jpg,0,0.99856865
G:/Sign_language_GNN/model/imagedata-main\0\323.jpg,0,0.9963387
G:/Sign_language_GNN/model/imagedata-main\0\324.jpg,0,0.992413
G:/Sign_language_GNN/model/imagedata-main\0\325.jpg,0,0.9935056
G:/Sign_language_GNN/model/imagedata-main\0\326.jpg,0,0.99591786
G:/Sign_language_GNN/model/imagedata-main\0\327.jpg,0,0.9907011
G:/Sign_language_GNN/model/imagedata-main\0\328.jpg,0,0.9914801
G:/Sign_language_GNN/model/imagedata-main\0\329.jpg,0,0.9913072
G:/Sign_language_GNN/model/imagedata-main\0\33.jpg,0,0.9824362
G:/Sign_language_GNN/model/imagedata-main\0\330.jpg,0,0.9895838
G:/Sign_language_GNN/model/imagedata-main\0\331.jpg,0,0.9889811
G:/Sign_language_GNN/model/imagedata-main\0\332.jpg,0,0.98793435
G:/Sign_language_GNN/model/imagedata-main\0\333.jpg,0,0.9924971
G:/Sign_language_GNN/model/imagedata-main\0\334.jpg,0,0.99335563
G:/Sign_language_GNN/model/imagedata-main\0\335.jpg,0,0.9947739
G:/Sign_language_GNN/model/imagedata-main\0\336.jpg,0,0.99527043
G:/Sign_language_GNN/model/imagedata-main\0\337.jpg,0,0.9949774
G:/Sign_language_GNN/model/imagedata-main\0\338.jpg,0,0.99534154
G:/Sign_language_GNN/model/imagedata-main\0\339.jpg,0,0.9917896
G:/Sign_language_GNN/model/imagedata-main\0\34.jpg,0,0.9824734
G:/Sign_language_GNN/model/imagedata-main\0\340.jpg,0,0.99258375
G:/Sign_language_GNN/model/imagedata-main\0\341.jpg,0,0.991085
G:/Sign_language_GNN/model/imagedata-main\0\342.jpg,0,0.9856311
G:/Sign_language_GNN/model/imagedata-main\0\343.jpg,0,0.99185693
G:/Sign_language_GNN/model/imagedata-main\0\344.jpg,0,0.98989886
G:/Sign_language_GNN/model/imagedata-main\0\345.jpg,0,0.9917824
G:/Sign_language_GNN/model/imagedata-main\0\346.jpg,0,0.9804689
G:/Sign_language_GNN/model/imagedata-main\0\347.jpg,0,0.98523915
G:/Sign_language_GNN/model/imagedata-main\0\348.jpg,0,0.97808015
G:/Sign_language_GNN/model/imagedata-main\0\349.jpg,0,0.98006827
G:/Sign_language_GNN/model/imagedata-main\0\35.jpg,0,0.98280936
G:/Sign_language_GNN/model/imagedata-main\0\350.jpg,0,0.9749094
G:/Sign_language_GNN/model/imagedata-main\0\351.jpg,0,0.9683054
G:/Sign_language_GNN/model/imagedata-main\0\352.jpg,0,0.97169447
G:/Sign_language_GNN/model/imagedata-main\0\353.jpg,0,0.9551852
G:/Sign_language_GNN/model/imagedata-main\0\354.jpg,0,0.94536924
G:/Sign_language_GNN/model/imagedata-main\0\355.jpg,0,0.92865825
G:/Sign_language_GNN/model/imagedata-main\0\356.jpg,0,0.9405316
G:/Sign_language_GNN/model/imagedata-main\0\357.jpg,0,0.9305833
G:/Sign_language_GNN/model/imagedata-main\0\358.jpg,0,0.8949266
G:/Sign_language_GNN/model/imagedata-main\0\359.jpg,0,0.84655666
G:/Sign_language_GNN/model/imagedata-main\0\36.jpg,0,0.98213273
G:/Sign_language_GNN/model/imagedata-main\0\360.jpg,0,0.7710936
G:/Sign_language_GNN/model/imagedata-main\0\361.jpg,0,0.75751716
G:/Sign_language_GNN/model/imagedata-main\0\362.jpg,0,0.70848495
G:/Sign_language_GNN/model/imagedata-main\0\363.jpg,0,0.6362511
G:/Sign_language_GNN/model/imagedata-main\0\364.jpg,0,0.6572189
G:/Sign_language_GNN/model/imagedata-main\0\365.jpg,0,0.64789593
G:/Sign_language_GNN/model/imagedata-main\0\366.jpg,0,0.6715284
G:/Sign_language_GNN/model/imagedata-main\0\367.jpg,0,0.7828805
G:/Sign_language_GNN/model/imagedata-main\0\368.jpg,0,0.7828805
G:/Sign_language_GNN/model/imagedata-main\0\369.jpg,0,0.7519458
G:/Sign_language_GNN/model/imagedata-main\0\37.jpg,0,0.9819697
G:/Sign_language_GNN/model/imagedata-main\0\370.jpg,0,0.7841254
G:/Sign_language_GNN/model/imagedata-main\0\371.jpg,0,0.86572146
G:/Sign_language_GNN/model/imagedata-main\0\372.jpg,0,0.9045271
G:/Sign_language_GNN/model/imagedata-main\0\373.jpg,0,0.934489
G:/Sign_language_GNN/model/imagedata-main\0\374.jpg,0,0.9669882
G:/Sign_language_GNN/model/imagedata-main\0\375.jpg,0,0.9746971
G:/Sign_language_GNN/model/imagedata-main\0\376.jpg,0,0.9779614
G:/Sign_language_GNN/model/imagedata-main\0\377.jpg,0,0.9543897
G:/Sign_language_GNN/model/imagedata-main\0\378.jpg,0,0.88522565
G:/Sign_language_GNN/model/imagedata-main\0\379.jpg,0,0.81953615
G:/Sign_language_GNN/model/imagedata-main\0\38.jpg,0,0.98182344
G:/Sign_language_GNN/model/imagedata-main\0\380.jpg,0,0.85065365
G:/Sign_language_GNN/model/imagedata-main\0\381.jpg,0,0.902484
G:/Sign_language_GNN/model/imagedata-main\0\382.jpg,0,0.92272294
G:/Sign_language_GNN/model/imagedata-main\0\383.jpg,0,0.92882276
G:/Sign_language_GNN/model/imagedata-main\0\384.jpg,0,0.9535701
G:/Sign_language_GNN/model/imagedata-main\0\385.jpg,0,0.95888513
G:/Sign_language_GNN/model/imagedata-main\0\386.jpg,0,0.95723844
G:/Sign_language_GNN/model/imagedata-main\0\387.jpg,0,0.964889
G:/Sign_language_GNN/model/imagedata-main\0\388.jpg,0,0.9656167
G:/Sign_language_GNN/model/imagedata-main\0\389.jpg,0,0.9670921
G:/Sign_language_GNN/model/imagedata-main\0\39.jpg,0,0.99977905
G:/Sign_language_GNN/model/imagedata-main\0\390.jpg,0,0.9681543
G:/Sign_language_GNN/model/imagedata-main\0\391.jpg,0,0.96715796
G:/Sign_language_GNN/model/imagedata-main\0\392.jpg,0,0.9697711
G:/Sign_language_GNN/model/imagedata-main\0\393.jpg,0,0.9673195
G:/Sign_language_GNN/model/imagedata-main\0\394.jpg,0,0.97118616
G:/Sign_language_GNN/model/imagedata-main\0\395.jpg,0,0.97066957
G:/Sign_language_GNN/model/imagedata-main\0\396.jpg,0,0.9723421
G:/Sign_language_GNN/model/imagedata-main\0\397.jpg,0,0.970626
G:/Sign_language_GNN/model/imagedata-main\0\398.jpg,0,0.96838176
G:/Sign_language_GNN/model/imagedata-main\0\399.jpg,0,0.96995723
G:/Sign_language_GNN/model/imagedata-main\0\4.jpg,0,0.9999802
G:/Sign_language_GNN/model/imagedata-main\0\40.jpg,0,0.99980444
G:/Sign_language_GNN/model/imagedata-main\0\400.jpg,0,0.96816224
G:/Sign_language_GNN/model/imagedata-main\0\401.jpg,0,0.96985316
G:/Sign_language_GNN/model/imagedata-main\0\402.jpg,0,0.9694658
G:/Sign_language_GNN/model/imagedata-main\0\403.jpg,0,0.95557326
G:/Sign_language_GNN/model/imagedata-main\0\404.jpg,0,0.97154725
G:/Sign_language_GNN/model/imagedata-main\0\405.jpg,0,0.9702968
G:/Sign_language_GNN/model/imagedata-main\0\406.jpg,0,0.96647817
G:/Sign_language_GNN/model/imagedata-main\0\407.jpg,0,0.9462899
G:/Sign_language_GNN/model/imagedata-main\0\408.jpg,0,0.9687798
G:/Sign_language_GNN/model/imagedata-main\0\409.jpg,0,0.9704531
G:/Sign_language_GNN/model/imagedata-main\0\41.jpg,0,0.99999356
G:/Sign_language_GNN/model/imagedata-main\0\410.jpg,0,0.9609501
G:/Sign_language_GNN/model/imagedata-main\0\411.jpg,0,0.9728853
G:/Sign_language_GNN/model/imagedata-main\0\412.jpg,0,0.96190745
G:/Sign_language_GNN/model/imagedata-main\0\413.jpg,0,0.96190745
G:/Sign_language_GNN/model/imagedata-main\0\414.jpg,0,0.9717628
G:/Sign_language_GNN/model/imagedata-main\0\415.jpg,0,0.9694316
G:/Sign_language_GNN/model/imagedata-main\0\416.jpg,0,0.96193457
G:/Sign_language_GNN/model/imagedata-main\0\417.jpg,0,0.97095054
G:/Sign_language_GNN/model/imagedata-main\0\418.jpg,0,0.97248465
G:/Sign_language_GNN/model/imagedata-main\0\419.jpg,0,0.9737385
G:/Sign_language_GNN/model/imagedata-main\0\42.jpg,0,0.99997437
G:/Sign_language_GNN/model/imagedata-main\0\420.jpg,0,0.9715058
G:/Sign_language_GNN/model/imagedata-main\0\422.jpg,0,0.96824974
G:/Sign_language_GNN/model/imagedata-main\0\423.jpg,0,0.9602318
G:/Sign_language_GNN/model/imagedata-main\0\424.jpg,0,0.9471044
G:/Sign_language_GNN/model/imagedata-main\0\425.jpg,0,0.91323286
G:/Sign_language_GNN/model/imagedata-main\0\426.jpg,0,0.8952673
G:/Sign_language_GNN/model/imagedata-main\0\427.jpg,0,0.6336186
G:/Sign_language_GNN/model/imagedata-main\0\428.jpg,0,0.6437867
G:/Sign_language_GNN/model/imagedata-main\0\429.jpg,0,0.6359552
G:/Sign_language_GNN/model/imagedata-main\0\43.jpg,0,0.999987
G:/Sign_language_GNN/model/imagedata-main\0\430.jpg,0,0.9692653
G:/Sign_language_GNN/model/imagedata-main\0\431.jpg,0,0.99852246
G:/Sign_language_GNN/model/imagedata-main\0\432.jpg,0,0.9956182
G:/Sign_language_GNN/model/imagedata-main\0\433.jpg,0,0.99621636
G:/Sign_language_GNN/model/imagedata-main\0\434.jpg,0,0.9859219
G:/Sign_language_GNN/model/imagedata-main\0\435.jpg,0,0.99620926
G:/Sign_language_GNN/model/imagedata-main\0\436.jpg,0,0.99637765
G:/Sign_language_GNN/model/imagedata-main\0\437.jpg,0,0.99710923
G:/Sign_language_GNN/model/imagedata-main\0\438.jpg,0,0.9979233
G:/Sign_language_GNN/model/imagedata-main\0\439.jpg,0,0.9992933
G:/Sign_language_GNN/model/imagedata-main\0\44.jpg,0,0.9999875
G:/Sign_language_GNN/model/imagedata-main\0\441.jpg,0,0.8466605
G:/Sign_language_GNN/model/imagedata-main\0\442.jpg,0,0.8757522
G:/Sign_language_GNN/model/imagedata-main\0\443.jpg,0,0.91567016
G:/Sign_language_GNN/model/imagedata-main\0\444.jpg,0,0.94991195
G:/Sign_language_GNN/model/imagedata-main\0\445.jpg,0,0.95675325
G:/Sign_language_GNN/model/imagedata-main\0\446.jpg,0,0.9822619
G:/Sign_language_GNN/model/imagedata-main\0\447.jpg,0,0.9836464
G:/Sign_language_GNN/model/imagedata-main\0\448.jpg,0,0.98076767
G:/Sign_language_GNN/model/imagedata-main\0\449.jpg,0,0.8863873
G:/Sign_language_GNN/model/imagedata-main\0\45.jpg,0,0.9999776
G:/Sign_language_GNN/model/imagedata-main\0\450.jpg,0,0.9804803
G:/Sign_language_GNN/model/imagedata-main\0\451.jpg,0,0.93981063
G:/Sign_language_GNN/model/imagedata-main\0\452.jpg,0,0.9891461
G:/Sign_language_GNN/model/imagedata-main\0\453.jpg,0,0.9962424
G:/Sign_language_GNN/model/imagedata-main\0\454.jpg,0,0.9979386
G:/Sign_language_GNN/model/imagedata-main\0\455.jpg,0,0.99813145
G:/Sign_language_GNN/model/imagedata-main\0\456.jpg,0,0.99858993
G:/Sign_language_GNN/model/imagedata-main\0\457.jpg,0,0.99858993
G:/Sign_language_GNN/model/imagedata-main\0\458.jpg,0,0.9984869
G:/Sign_language_GNN/model/imagedata-main\0\459.jpg,0,0.9983827
G:/Sign_language_GNN/model/imagedata-main\0\46.jpg,0,0.99998724
G:/Sign_language_GNN/model/imagedata-main\0\460.jpg,0,0.9948426
G:/Sign_language_GNN/model/imagedata-main\0\461.jpg,0,0.99194384
G:/Sign_language_GNN/model/imagedata-main\0\462.jpg,0,0.9841404
G:/Sign_language_GNN/model/imagedata-main\0\463.jpg,0,0.9951574
G:/Sign_language_GNN/model/imagedata-main\0\464.jpg,0,0.9917121
G:/Sign_language_GNN/model/imagedata-main\0\465.jpg,0,0.983346
G:/Sign_language_GNN/model/imagedata-main\0\466.jpg,0,0.9832819
G:/Sign_language_GNN/model/imagedata-main\0\467.jpg,0,0.9832819
G:/Sign_language_GNN/model/imagedata-main\0\468.jpg,0,0.9857615
G:/Sign_language_GNN/model/imagedata-main\0\469.jpg,0,0.9886751
G:/Sign_language_GNN/model/imagedata-main\0\47.jpg,0,0.99998987
G:/Sign_language_GNN/model/imagedata-main\0\470.jpg,0,0.9877951
G:/Sign_language_GNN/model/imagedata-main\0\471.jpg,0,0.9910471
G:/Sign_language_GNN/model/imagedata-main\0\472.jpg,0,0.99323046
G:/Sign_language_GNN/model/imagedata-main\0\473.jpg,0,0.99488455
G:/Sign_language_GNN/model/imagedata-main\0\474.jpg,0,0.9960466
G:/Sign_language_GNN/model/imagedata-main\0\475.jpg,0,0.9880661
G:/Sign_language_GNN/model/imagedata-main\0\476.jpg,0,0.9834593
G:/Sign_language_GNN/model/imagedata-main\0\477.jpg,0,0.96665823
G:/Sign_language_GNN/model/imagedata-main\0\478.jpg,0,0.97436464
G:/Sign_language_GNN/model/imagedata-main\0\479.jpg,0,0.9868422
G:/Sign_language_GNN/model/imagedata-main\0\48.jpg,0,0.9999913
G:/Sign_language_GNN/model/imagedata-main\0\480.jpg,0,0.9777364
G:/Sign_language_GNN/model/imagedata-main\0\481.jpg,0,0.9901273
G:/Sign_language_GNN/model/imagedata-main\0\482.jpg,0,0.9782607
G:/Sign_language_GNN/model/imagedata-main\0\483.jpg,0,0.98045486
G:/Sign_language_GNN/model/imagedata-main\0\484.jpg,0,0.9405659
G:/Sign_language_GNN/model/imagedata-main\0\485.jpg,0,0.9225208
G:/Sign_language_GNN/model/imagedata-main\0\486.jpg,0,0.8459426
G:/Sign_language_GNN/model/imagedata-main\0\487.jpg,0,0.74817336
G:/Sign_language_GNN/model/imagedata-main\0\488.jpg,0,0.69036335
G:/Sign_language_GNN/model/imagedata-main\0\489.jpg,0,0.6940298
G:/Sign_language_GNN/model/imagedata-main\0\49.jpg,0,0.99999046
G:/Sign_language_GNN/model/imagedata-main\0\490.jpg,0,0.7789457
G:/Sign_language_GNN/model/imagedata-main\0\491.jpg,0,0.8181392
G:/Sign_language_GNN/model/imagedata-main\0\492.jpg,0,0.80979705
G:/Sign_language_GNN/model/imagedata-main\0\493.jpg,0,0.8673069
G:/Sign_language_GNN/model/imagedata-main\0\494.jpg,0,0.8959106
G:/Sign_language_GNN/model/imagedata-main\0\495.jpg,0,0.890655
G:/Sign_language_GNN/model/imagedata-main\0\496.jpg,0,0.9134575
G:/Sign_language_GNN/model/imagedata-main\0\497.jpg,0,0.9067064
G:/Sign_language_GNN/model/imagedata-main\0\498.jpg,0,0.9097581
G:/Sign_language_GNN/model/imagedata-main\0\499.jpg,0,0.8952662
G:/Sign_language_GNN/model/imagedata-main\0\5.jpg,0,0.99997807
G:/Sign_language_GNN/model/imagedata-main\0\50.jpg,0,0.9999893
G:/Sign_language_GNN/model/imagedata-main\0\500.jpg,0,0.90500975
G:/Sign_language_GNN/model/imagedata-main\0\501.jpg,0,0.91993946
G:/Sign_language_GNN/model/imagedata-main\0\502.jpg,0,0.9206027
G:/Sign_language_GNN/model/imagedata-main\0\503.jpg,0,0.87864083
G:/Sign_language_GNN/model/imagedata-main\0\504.jpg,0,0.87200946
G:/Sign_language_GNN/model/imagedata-main\0\505.jpg,0,0.86820835
G:/Sign_language_GNN/model/imagedata-main\0\506.jpg,0,0.8800474
G:/Sign_language_GNN/model/imagedata-main\0\507.jpg,0,0.8800474
G:/Sign_language_GNN/model/imagedata-main\0\508.jpg,0,0.90900373
G:/Sign_language_GNN/model/imagedata-main\0\509.jpg,0,0.89371467
G:/Sign_language_GNN/model/imagedata-main\0\51.jpg,0,0.99998665
G:/Sign_language_GNN/model/imagedata-main\0\510.jpg,0,0.92671454
G:/Sign_language_GNN/model/imagedata-main\0\511.jpg,0,0.8925881
G:/Sign_language_GNN/model/imagedata-main\0\512.jpg,0,0.91942406
G:/Sign_language_GNN/model/imagedata-main\0\513.jpg,0,0.93261063
G:/Sign_language_GNN/model/imagedata-main\0\514.jpg,0,0.9382725
G:/Sign_language_GNN/model/imagedata-main\0\515.jpg,0,0.9332256
G:/Sign_language_GNN/model/imagedata-main\0\516.jpg,0,0.9845879
G:/Sign_language_GNN/model/imagedata-main\0\517.jpg,0,0.991657
G:/Sign_language_GNN/model/imagedata-main\0\518.jpg,0,0.9944285
G:/Sign_language_GNN/model/imagedata-main\0\519.jpg,0,0.9955474
G:/Sign_language_GNN/model/imagedata-main\0\52.jpg,0,0.9999864
G:/Sign_language_GNN/model/imagedata-main\0\520.jpg,0,0.9975853
G:/Sign_language_GNN/model/imagedata-main\0\521.jpg,0,0.99689984
G:/Sign_language_GNN/model/imagedata-main\0\522.jpg,0,0.9984225
G:/Sign_language_GNN/model/imagedata-main\0\523.jpg,0,0.9988205
G:/Sign_language_GNN/model/imagedata-main\0\524.jpg,0,0.99877805
G:/Sign_language_GNN/model/imagedata-main\0\525.jpg,0,0.9958609
G:/Sign_language_GNN/model/imagedata-main\0\526.jpg,0,0.998379
G:/Sign_language_GNN/model/imagedata-main\0\527.jpg,0,0.9978332
G:/Sign_language_GNN/model/imagedata-main\0\528.jpg,0,0.9969356
G:/Sign_language_GNN/model/imagedata-main\0\529.jpg,0,0.9949786
G:/Sign_language_GNN/model/imagedata-main\0\53.jpg,0,0.9999889
G:/Sign_language_GNN/model/imagedata-main\0\530.jpg,0,0.9926011
G:/Sign_language_GNN/model/imagedata-main\0\531.jpg,0,0.9960885
G:/Sign_language_GNN/model/imagedata-main\0\532.jpg,0,0.99761283
G:/Sign_language_GNN/model/imagedata-main\0\533.jpg,0,0.9962037
G:/Sign_language_GNN/model/imagedata-main\0\534.jpg,0,0.9971738
G:/Sign_language_GNN/model/imagedata-main\0\535.jpg,0,0.99507207
G:/Sign_language_GNN/model/imagedata-main\0\536.jpg,0,0.9959551
G:/Sign_language_GNN/model/imagedata-main\0\537.jpg,0,0.9959551
G:/Sign_language_GNN/model/imagedata-main\0\538.jpg,0,0.9958318
G:/Sign_language_GNN/model/imagedata-main\0\539.jpg,0,0.99653167
G:/Sign_language_GNN/model/imagedata-main\0\54.jpg,0,0.9999869
G:/Sign_language_GNN/model/imagedata-main\0\540.jpg,0,0.99774843
G:/Sign_language_GNN/model/imagedata-main\0\541.jpg,0,0.97119516
G:/Sign_language_GNN/model/imagedata-main\0\542.jpg,0,0.99509805
G:/Sign_language_GNN/model/imagedata-main\0\543.jpg,0,0.9934909
G:/Sign_language_GNN/model/imagedata-main\0\544.jpg,0,0.98748404
G:/Sign_language_GNN/model/imagedata-main\0\545.jpg,0,0.9915952
G:/Sign_language_GNN/model/imagedata-main\0\546.jpg,0,0.9942842
G:/Sign_language_GNN/model/imagedata-main\0\547.jpg,0,0.99612314
G:/Sign_language_GNN/model/imagedata-main\0\548.jpg,0,0.9966858
G:/Sign_language_GNN/model/imagedata-main\0\549.jpg,0,0.9983968
G:/Sign_language_GNN/model/imagedata-main\0\55.jpg,0,0.999992
G:/Sign_language_GNN/model/imagedata-main\0\550.jpg,0,0.9969555
G:/Sign_language_GNN/model/imagedata-main\0\551.jpg,0,0.9957188
G:/Sign_language_GNN/model/imagedata-main\0\552.jpg,0,0.99813867
G:/Sign_language_GNN/model/imagedata-main\0\553.jpg,0,0.99743026
G:/Sign_language_GNN/model/imagedata-main\0\554.jpg,0,0.9915365
G:/Sign_language_GNN/model/imagedata-main\0\555.jpg,0,0.76194006
G:/Sign_language_GNN/model/imagedata-main\0\556.jpg,0,0.9628941
G:/Sign_language_GNN/model/imagedata-main\0\557.jpg,0,0.98340833
G:/Sign_language_GNN/model/imagedata-main\0\558.jpg,0,0.98508114
G:/Sign_language_GNN/model/imagedata-main\0\559.jpg,0,0.9817297
G:/Sign_language_GNN/model/imagedata-main\0\56.jpg,0,0.99999094
G:/Sign_language_GNN/model/imagedata-main\0\560.jpg,0,0.9767165
G:/Sign_language_GNN/model/imagedata-main\0\561.jpg,0,0.9614209
G:/Sign_language_GNN/model/imagedata-main\0\562.jpg,0,0.95293015
G:/Sign_language_GNN/model/imagedata-main\0\563.jpg,0,0.87274885
G:/Sign_language_GNN/model/imagedata-main\0\564.jpg,0,0.8692575
G:/Sign_language_GNN/model/imagedata-main\0\565.jpg,0,0.84862167
G:/Sign_language_GNN/model/imagedata-main\0\566.jpg,0,0.8258821
G:/Sign_language_GNN/model/imagedata-main\0\567.jpg,0,0.8233127
G:/Sign_language_GNN/model/imagedata-main\0\568.jpg,0,0.80961937
G:/Sign_language_GNN/model/imagedata-main\0\569.jpg,0,0.8413245
G:/Sign_language_GNN/model/imagedata-main\0\57.jpg,0,0.99998856
G:/Sign_language_GNN/model/imagedata-main\0\570.jpg,0,0.826651
G:/Sign_language_GNN/model/imagedata-main\0\571.jpg,0,0.83166844
G:/Sign_language_GNN/model/imagedata-main\0\572.jpg,0,0.82126856
G:/Sign_language_GNN/model/imagedata-main\0\573.jpg,0,0.8350902
G:/Sign_language_GNN/model/imagedata-main\0\574.jpg,0,0.82401454
G:/Sign_language_GNN/model/imagedata-main\0\575.jpg,0,0.80741435
G:/Sign_language_GNN/model/imagedata-main\0\576.jpg,0,0.8795255
G:/Sign_language_GNN/model/imagedata-main\0\577.jpg,0,0.8021487
G:/Sign_language_GNN/model/imagedata-main\0\578.jpg,0,0.79196566
G:/Sign_language_GNN/model/imagedata-main\0\579.jpg,0,0.7749988
G:/Sign_language_GNN/model/imagedata-main\0\58.jpg,0,0.99998343
G:/Sign_language_GNN/model/imagedata-main\0\580.jpg,0,0.77504814
G:/Sign_language_GNN/model/imagedata-main\0\581.jpg,0,0.7604085
G:/Sign_language_GNN/model/imagedata-main\0\582.jpg,0,0.79264843
G:/Sign_language_GNN/model/imagedata-main\0\583.jpg,0,0.7704047
G:/Sign_language_GNN/model/imagedata-main\0\584.jpg,0,0.77446985
G:/Sign_language_GNN/model/imagedata-main\0\585.jpg,0,0.8072755
G:/Sign_language_GNN/model/imagedata-main\0\586.jpg,0,0.8067383
G:/Sign_language_GNN/model/imagedata-main\0\587.jpg,0,0.7831761
G:/Sign_language_GNN/model/imagedata-main\0\588.jpg,0,0.78134114
G:/Sign_language_GNN/model/imagedata-main\0\589.jpg,0,0.70736444
G:/Sign_language_GNN/model/imagedata-main\0\59.jpg,0,0.9999832
G:/Sign_language_GNN/model/imagedata-main\0\590.jpg,0,0.72335225
G:/Sign_language_GNN/model/imagedata-main\0\591.jpg,0,0.7601716
G:/Sign_language_GNN/model/imagedata-main\0\592.jpg,0,0.80793166
G:/Sign_language_GNN/model/imagedata-main\0\593.jpg,0,0.96054095
G:/Sign_language_GNN/model/imagedata-main\0\594.jpg,0,0.97725326
G:/Sign_language_GNN/model/imagedata-main\0\595.jpg,0,0.9773476
G:/Sign_language_GNN/model/imagedata-main\0\598.jpg,0,0.80598
G:/Sign_language_GNN/model/imagedata-main\0\6.jpg,0,0.9999788
G:/Sign_language_GNN/model/imagedata-main\0\60.jpg,0,0.9999833
G:/Sign_language_GNN/model/imagedata-main\0\600.jpg,0,0.9091924
G:/Sign_language_GNN/model/imagedata-main\0\603.jpg,0,0.7798155
G:/Sign_language_GNN/model/imagedata-main\0\604.jpg,0,0.7728594
G:/Sign_language_GNN/model/imagedata-main\0\605.jpg,0,0.7690077
G:/Sign_language_GNN/model/imagedata-main\0\606.jpg,0,0.8114634
G:/Sign_language_GNN/model/imagedata-main\0\607.jpg,0,0.9036927
G:/Sign_language_GNN/model/imagedata-main\0\609.jpg,0,0.9162149
G:/Sign_language_GNN/model/imagedata-main\0\61.jpg,0,0.9999814
G:/Sign_language_GNN/model/imagedata-main\0\610.jpg,0,0.95305306
G:/Sign_language_GNN/model/imagedata-main\0\611.jpg,0,0.95663023
G:/Sign_language_GNN/model/imagedata-main\0\612.jpg,0,0.9420367
G:/Sign_language_GNN/model/imagedata-main\0\613.jpg,0,0.9394024
G:/Sign_language_GNN/model/imagedata-main\0\614.jpg,0,0.94113696
G:/Sign_language_GNN/model/imagedata-main\0\615.jpg,0,0.8990465
G:/Sign_language_GNN/model/imagedata-main\0\616.jpg,0,0.8892875
G:/Sign_language_GNN/model/imagedata-main\0\617.jpg,0,0.85714334
G:/Sign_language_GNN/model/imagedata-main\0\618.jpg,0,0.87146837
G:/Sign_language_GNN/model/imagedata-main\0\619.jpg,0,0.83709353
G:/Sign_language_GNN/model/imagedata-main\0\62.jpg,0,0.99998176
G:/Sign_language_GNN/model/imagedata-main\0\620.jpg,0,0.8506983
G:/Sign_language_GNN/model/imagedata-main\0\621.jpg,0,0.80657345
G:/Sign_language_GNN/model/imagedata-main\0\622.jpg,0,0.82504433
G:/Sign_language_GNN/model/imagedata-main\0\623.jpg,0,0.81560403
G:/Sign_language_GNN/model/imagedata-main\0\624.jpg,0,0.8421267
G:/Sign_language_GNN/model/imagedata-main\0\625.jpg,0,0.85528547
G:/Sign_language_GNN/model/imagedata-main\0\626.jpg,0,0.8942579
G:/Sign_language_GNN/model/imagedata-main\0\627.jpg,0,0.9293565
G:/Sign_language_GNN/model/imagedata-main\0\628.jpg,0,0.9357541
G:/Sign_language_GNN/model/imagedata-main\0\629.jpg,0,0.95555556
G:/Sign_language_GNN/model/imagedata-main\0\63.jpg,0,0.99998176
G:/Sign_language_GNN/model/imagedata-main\0\630.jpg,0,0.9784426
G:/Sign_language_GNN/model/imagedata-main\0\631.jpg,0,0.97930694
G:/Sign_language_GNN/model/imagedata-main\0\632.jpg,0,0.9819171
G:/Sign_language_GNN/model/imagedata-main\0\633.jpg,0,0.97390985
G:/Sign_language_GNN/model/imagedata-main\0\634.jpg,0,0.97632
G:/Sign_language_GNN/model/imagedata-main\0\635.jpg,0,0.9237907
G:/Sign_language_GNN/model/imagedata-main\0\636.jpg,0,0.92205
G:/Sign_language_GNN/model/imagedata-main\0\637.jpg,0,0.86434674
G:/Sign_language_GNN/model/imagedata-main\0\638.jpg,0,0.82548213
G:/Sign_language_GNN/model/imagedata-main\0\639.jpg,0,0.7651595
G:/Sign_language_GNN/model/imagedata-main\0\64.jpg,0,0.9999826
G:/Sign_language_GNN/model/imagedata-main\0\640.jpg,0,0.7811741
G:/Sign_language_GNN/model/imagedata-main\0\641.jpg,0,0.7197849
G:/Sign_language_GNN/model/imagedata-main\0\642.jpg,0,0.6902457
G:/Sign_language_GNN/model/imagedata-main\0\643.jpg,0,0.7163309
G:/Sign_language_GNN/model/imagedata-main\0\644.jpg,0,0.67747086
G:/Sign_language_GNN/model/imagedata-main\0\645.jpg,0,0.6598722
G:/Sign_language_GNN/model/imagedata-main\0\646.jpg,0,0.65714324
G:/Sign_language_GNN/model/imagedata-main\0\647.jpg,0,0.64318883
G:/Sign_language_GNN/model/imagedata-main\0\648.jpg,0,0.5945857
G:/Sign_language_GNN/model/imagedata-main\0\649.jpg,0,0.61361015
G:/Sign_language_GNN/model/imagedata-main\0\65.jpg,0,0.9999815
G:/Sign_language_GNN/model/imagedata-main\0\650.jpg,0,0.6270839
G:/Sign_language_GNN/model/imagedata-main\0\651.jpg,0,0.70415413
G:/Sign_language_GNN/model/imagedata-main\0\652.jpg,0,0.8027937
G:/Sign_language_GNN/model/imagedata-main\0\653.jpg,0,0.80422413
G:/Sign_language_GNN/model/imagedata-main\0\654.jpg,0,0.79302764
G:/Sign_language_GNN/model/imagedata-main\0\655.jpg,0,0.91298026
G:/Sign_language_GNN/model/imagedata-main\0\656.jpg,0,0.9130447
G:/Sign_language_GNN/model/imagedata-main\0\657.jpg,0,0.9851468
G:/Sign_language_GNN/model/imagedata-main\0\658.jpg,0,0.9143226
G:/Sign_language_GNN/model/imagedata-main\0\659.jpg,0,0.924016
G:/Sign_language_GNN/model/imagedata-main\0\66.jpg,0,0.9999814
G:/Sign_language_GNN/model/imagedata-main\0\660.jpg,0,0.8820092
G:/Sign_language_GNN/model/imagedata-main\0\661.jpg,0,0.87270874
G:/Sign_language_GNN/model/imagedata-main\0\662.jpg,0,0.8690244
G:/Sign_language_GNN/model/imagedata-main\0\663.jpg,0,0.8364992
G:/Sign_language_GNN/model/imagedata-main\0\664.jpg,0,0.8522571
G:/Sign_language_GNN/model/imagedata-main\0\665.jpg,0,0.9340457
G:/Sign_language_GNN/model/imagedata-main\0\666.jpg,0,0.9795801
G:/Sign_language_GNN/model/imagedata-main\0\667.jpg,0,0.99083203
G:/Sign_language_GNN/model/imagedata-main\0\668.jpg,0,0.99854326
G:/Sign_language_GNN/model/imagedata-main\0\669.jpg,0,0.9990723
G:/Sign_language_GNN/model/imagedata-main\0\67.jpg,0,0.9999794
G:/Sign_language_GNN/model/imagedata-main\0\670.jpg,0,0.9986461
G:/Sign_language_GNN/model/imagedata-main\0\671.jpg,0,0.99666494
G:/Sign_language_GNN/model/imagedata-main\0\672.jpg,0,0.9891209
G:/Sign_language_GNN/model/imagedata-main\0\673.jpg,0,0.98859453
G:/Sign_language_GNN/model/imagedata-main\0\674.jpg,0,0.9119986
G:/Sign_language_GNN/model/imagedata-main\0\675.jpg,0,0.9420165
G:/Sign_language_GNN/model/imagedata-main\0\676.jpg,0,0.9593739
G:/Sign_language_GNN/model/imagedata-main\0\677.jpg,0,0.89907974
G:/Sign_language_GNN/model/imagedata-main\0\678.jpg,0,0.8822595
G:/Sign_language_GNN/model/imagedata-main\0\679.jpg,0,0.6003567
G:/Sign_language_GNN/model/imagedata-main\0\68.jpg,0,0.99998057
G:/Sign_language_GNN/model/imagedata-main\0\680.jpg,0,0.8397917
G:/Sign_language_GNN/model/imagedata-main\0\681.jpg,0,0.8483367
G:/Sign_language_GNN/model/imagedata-main\0\682.jpg,0,0.74825186
G:/Sign_language_GNN/model/imagedata-main\0\683.jpg,0,0.69943005
G:/Sign_language_GNN/model/imagedata-main\0\684.jpg,0,0.6359906
G:/Sign_language_GNN/model/imagedata-main\0\685.jpg,0,0.6558384
G:/Sign_language_GNN/model/imagedata-main\0\687.jpg,0,0.99893767
G:/Sign_language_GNN/model/imagedata-main\0\688.jpg,0,0.99967563
G:/Sign_language_GNN/model/imagedata-main\0\689.jpg,0,0.99941325
G:/Sign_language_GNN/model/imagedata-main\0\69.jpg,0,0.9999815
G:/Sign_language_GNN/model/imagedata-main\0\690.jpg,0,0.99898714
G:/Sign_language_GNN/model/imagedata-main\0\691.jpg,0,0.9985189
G:/Sign_language_GNN/model/imagedata-main\0\694.jpg,0,0.99721646
G:/Sign_language_GNN/model/imagedata-main\0\695.jpg,0,0.99710256
G:/Sign_language_GNN/model/imagedata-main\0\696.jpg,0,0.9982097
G:/Sign_language_GNN/model/imagedata-main\0\697.jpg,0,0.99085265
G:/Sign_language_GNN/model/imagedata-main\0\698.jpg,0,0.9981705
G:/Sign_language_GNN/model/imagedata-main\0\699.jpg,0,0.95395166
G:/Sign_language_GNN/model/imagedata-main\0\7.jpg,0,0.9999788
G:/Sign_language_GNN/model/imagedata-main\0\70.jpg,0,0.99998343
G:/Sign_language_GNN/model/imagedata-main\0\701.jpg,0,0.9960121
G:/Sign_language_GNN/model/imagedata-main\0\705.jpg,0,0.99925226
G:/Sign_language_GNN/model/imagedata-main\0\706.jpg,0,0.9975305
G:/Sign_language_GNN/model/imagedata-main\0\71.jpg,0,0.9999826
G:/Sign_language_GNN/model/imagedata-main\0\717.jpg,0,0.99198496
G:/Sign_language_GNN/model/imagedata-main\0\718.jpg,0,0.97947466
G:/Sign_language_GNN/model/imagedata-main\0\719.jpg,0,0.99841917
G:/Sign_language_GNN/model/imagedata-main\0\72.jpg,0,0.99998415
G:/Sign_language_GNN/model/imagedata-main\0\720.jpg,0,0.98508054
G:/Sign_language_GNN/model/imagedata-main\0\721.jpg,0,0.8559108
G:/Sign_language_GNN/model/imagedata-main\0\722.jpg,0,0.8251307
G:/Sign_language_GNN/model/imagedata-main\0\723.jpg,0,0.8251307
G:/Sign_language_GNN/model/imagedata-main\0\724.jpg,0,0.9314537
G:/Sign_language_GNN/model/imagedata-main\0\727.jpg,0,0.9735057
G:/Sign_language_GNN/model/imagedata-main\0\729.jpg,0,0.810036
G:/Sign_language_GNN/model/imagedata-main\0\73.jpg,0,0.99998343
G:/Sign_language_GNN/model/imagedata-main\0\731.jpg,0,0.973361
G:/Sign_language_GNN/model/imagedata-main\0\732.jpg,0,0.9728565
G:/Sign_language_GNN/model/imagedata-main\0\733.jpg,0,0.98656255
G:/Sign_language_GNN/model/imagedata-main\0\734.jpg,0,0.989867
G:/Sign_language_GNN/model/imagedata-main\0\737.jpg,0,0.99911064
G:/Sign_language_GNN/model/imagedata-main\0\738.jpg,0,0.99902594
G:/Sign_language_GNN/model/imagedata-main\0\739.jpg,0,0.9986291
G:/Sign_language_GNN/model/imagedata-main\0\74.jpg,0,0.99998295
G:/Sign_language_GNN/model/imagedata-main\0\740.jpg,0,0.99919504
G:/Sign_language_GNN/model/imagedata-main\0\741.jpg,0,0.99734455
G:/Sign_language_GNN/model/imagedata-main\0\742.jpg,0,0.9991862
G:/Sign_language_GNN/model/imagedata-main\0\743.jpg,0,0.9994374
G:/Sign_language_GNN/model/imagedata-main\0\744.jpg,0,0.9997811
G:/Sign_language_GNN/model/imagedata-main\0\745.jpg,0,0.9999
G:/Sign_language_GNN/model/imagedata-main\0\746.jpg,0,0.9998989
G:/Sign_language_GNN/model/imagedata-main\0\747.jpg,0,0.99983513
G:/Sign_language_GNN/model/imagedata-main\0\748.jpg,0,0.99996877
G:/Sign_language_GNN/model/imagedata-main\0\749.jpg,0,0.9999933
G:/Sign_language_GNN/model/imagedata-main\0\75.jpg,0,0.9999827
G:/Sign_language_GNN/model/imagedata-main\0\750.jpg,0,0.9996562
G:/Sign_language_GNN/model/imagedata-main\0\751.jpg,0,0.999954
G:/Sign_language_GNN/model/imagedata-main\0\752.jpg,0,0.99988735
G:/Sign_language_GNN/model/imagedata-main\0\753.jpg,0,0.9998652
G:/Sign_language_GNN/model/imagedata-main\0\754.jpg,0,0.9999974
G:/Sign_language_GNN/model/imagedata-main\0\755.jpg,0,0.9997962
G:/Sign_language_GNN/model/imagedata-main\0\756.jpg,0,0.9999931
G:/Sign_language_GNN/model/imagedata-main\0\757.jpg,0,0.99999905
G:/Sign_language_GNN/model/imagedata-main\0\758.jpg,0,0.9999999
G:/Sign_language_GNN/model/imagedata-main\0\759.jpg,0,0.99999964
G:/Sign_language_GNN/model/imagedata-main\0\76.jpg,0,0.9999856
G:/Sign_language_GNN/model/imagedata-main\0\77.jpg,0,0.9585623
G:/Sign_language_GNN/model/imagedata-main\0\78.jpg,0,0.9660927
G:/Sign_language_GNN/model/imagedata-main\0\787.jpg,0,0.97378993
G:/Sign_language_GNN/model/imagedata-main\0\788.jpg,0,0.9939546
G:/Sign_language_GNN/model/imagedata-main\0\789.jpg,0,0.9782138
G:/Sign_language_GNN/model/imagedata-main\0\79.jpg,0,0.9694671
G:/Sign_language_GNN/model/imagedata-main\0\790.jpg,0,0.97765255
G:/Sign_language_GNN/model/imagedata-main\0\791.jpg,0,0.9978637
G:/Sign_language_GNN/model/imagedata-main\0\792.jpg,0,0.99683505
G:/Sign_language_GNN/model/imagedata-main\0\793.jpg,0,0.9458296
G:/Sign_language_GNN/model/imagedata-main\0\794.jpg,0,0.99772614
G:/Sign_language_GNN/model/imagedata-main\0\795.jpg,0,0.99664515
G:/Sign_language_GNN/model/imagedata-main\0\796.jpg,0,0.99991107
G:/Sign_language_GNN/model/imagedata-main\0\797.jpg,0,0.99957293
G:/Sign_language_GNN/model/imagedata-main\0\798.jpg,0,0.99498546
G:/Sign_language_GNN/model/imagedata-main\0\799.jpg,0,0.97720796
G:/Sign_language_GNN/model/imagedata-main\0\8.jpg,0,0.99998415
G:/Sign_language_GNN/model/imagedata-main\0\80.jpg,0,0.9718987
G:/Sign_language_GNN/model/imagedata-main\0\800.jpg,0,0.96859044
G:/Sign_language_GNN/model/imagedata-main\0\801.jpg,0,0.9886113
G:/Sign_language_GNN/model/imagedata-main\0\802.jpg,0,0.9719938
G:/Sign_language_GNN/model/imagedata-main\0\805.jpg,0,0.96261096
G:/Sign_language_GNN/model/imagedata-main\0\807.jpg,0,0.99997044
G:/Sign_language_GNN/model/imagedata-main\0\808.jpg,0,0.99997616
G:/Sign_language_GNN/model/imagedata-main\0\81.jpg,0,0.96822673
G:/Sign_language_GNN/model/imagedata-main\0\811.jpg,0,0.9999938
G:/Sign_language_GNN/model/imagedata-main\0\812.jpg,0,0.99976116
G:/Sign_language_GNN/model/imagedata-main\0\817.jpg,0,0.99954635
G:/Sign_language_GNN/model/imagedata-main\0\82.jpg,0,0.9621942
G:/Sign_language_GNN/model/imagedata-main\0\83.jpg,0,0.9452269
G:/Sign_language_GNN/model/imagedata-main\0\84.jpg,0,0.950477
G:/Sign_language_GNN/model/imagedata-main\0\85.jpg,0,0.9399684
G:/Sign_language_GNN/model/imagedata-main\0\850.jpg,0,1.0
G:/Sign_language_GNN/model/imagedata-main\0\858.jpg,0,0.9999995
G:/Sign_language_GNN/model/imagedata-main\0\859.jpg,0,1.0
G:/Sign_language_GNN/model/imagedata-main\0\86.jpg,0,0.9387254
G:/Sign_language_GNN/model/imagedata-main\0\860.jpg,0,1.0
G:/Sign_language_GNN/model/imagedata-main\0\861.jpg,0,1.0
G:/Sign_language_GNN/model/imagedata-main\0\862.jpg,0,1.0
G:/Sign_language_GNN/model/imagedata-main\0\863.jpg,0,1.0
G:/Sign_language_GNN/model/imagedata-main\0\866.jpg,0,1.0
G:/Sign_language_GNN/model/imagedata-main\0\87.jpg,0,0.9387254
G:/Sign_language_GNN/model/imagedata-main\0\88.jpg,0,0.93051815
G:/Sign_language_GNN/model/imagedata-main\0\89.jpg,0,0.943475
G:/Sign_language_GNN/model/imagedata-main\0\891.jpg,0,0.9846244
G:/Sign_language_GNN/model/imagedata-main\0\892.jpg,0,1.0
G:/Sign_language_GNN/model/imagedata-main\0\896.jpg,0,0.9980647
G:/Sign_language_GNN/model/imagedata-main\0\897.jpg,0,0.9996306
G:/Sign_language_GNN/model/imagedata-main\0\898.jpg,0,0.99997854
G:/Sign_language_GNN/model/imagedata-main\0\899.jpg,0,0.99999344
G:/Sign_language_GNN/model/imagedata-main\0\9.jpg,0,0.99998736
G:/Sign_language_GNN/model/imagedata-main\0\90.jpg,0,0.93857586
G:/Sign_language_GNN/model/imagedata-main\0\900.jpg,0,0.99892527
G:/Sign_language_GNN/model/imagedata-main\0\902.jpg,0,0.9988213
G:/Sign_language_GNN/model/imagedata-main\0\903.jpg,0,0.9997656
G:/Sign_language_GNN/model/imagedata-main\0\904.jpg,0,0.9999027
G:/Sign_language_GNN/model/imagedata-main\0\905.jpg,0,0.9999027
G:/Sign_language_GNN/model/imagedata-main\0\906.jpg,0,0.9995912
G:/Sign_language_GNN/model/imagedata-main\0\907.jpg,0,0.9973563
G:/Sign_language_GNN/model/imagedata-main\0\909.jpg,0,0.9913332
G:/Sign_language_GNN/model/imagedata-main\0\91.jpg,0,0.94528025
G:/Sign_language_GNN/model/imagedata-main\0\910.jpg,0,0.9885798
G:/Sign_language_GNN/model/imagedata-main\0\911.jpg,0,0.9850354
G:/Sign_language_GNN/model/imagedata-main\0\912.jpg,0,0.99213564
G:/Sign_language_GNN/model/imagedata-main\0\913.jpg,0,0.9999951
G:/Sign_language_GNN/model/imagedata-main\0\914.jpg,0,0.99999976
G:/Sign_language_GNN/model/imagedata-main\0\92.jpg,0,0.9398676
G:/Sign_language_GNN/model/imagedata-main\0\93.jpg,0,0.9439516
G:/Sign_language_GNN/model/imagedata-main\0\932.jpg,0,0.9991296
G:/Sign_language_GNN/model/imagedata-main\0\933.jpg,0,0.9993168
G:/Sign_language_GNN/model/imagedata-main\0\934.jpg,0,0.99901974
G:/Sign_language_GNN/model/imagedata-main\0\936.jpg,0,0.99926466
G:/Sign_language_GNN/model/imagedata-main\0\938.jpg,0,0.6067429
G:/Sign_language_GNN/model/imagedata-main\0\939.jpg,0,0.62996066
G:/Sign_language_GNN/model/imagedata-main\0\94.jpg,0,0.94842577
G:/Sign_language_GNN/model/imagedata-main\0\940.jpg,0,0.66199905
G:/Sign_language_GNN/model/imagedata-main\0\941.jpg,0,0.6927651
G:/Sign_language_GNN/model/imagedata-main\0\942.jpg,0,0.75859994
G:/Sign_language_GNN/model/imagedata-main\0\943.jpg,0,0.78072387
G:/Sign_language_GNN/model/imagedata-main\0\944.jpg,0,0.80677944
G:/Sign_language_GNN/model/imagedata-main\0\945.jpg,0,0.8095362
G:/Sign_language_GNN/model/imagedata-main\0\946.jpg,0,0.8095362
G:/Sign_language_GNN/model/imagedata-main\0\947.jpg,0,0.8354353
G:/Sign_language_GNN/model/imagedata-main\0\948.jpg,0,0.8165102
G:/Sign_language_GNN/model/imagedata-main\0\949.jpg,0,0.8243174
G:/Sign_language_GNN/model/imagedata-main\0\95.jpg,0,0.9542105
G:/Sign_language_GNN/model/imagedata-main\0\950.jpg,0,0.81671757
G:/Sign_language_GNN/model/imagedata-main\0\951.jpg,0,0.892094
G:/Sign_language_GNN/model/imagedata-main\0\952.jpg,0,0.8985852
G:/Sign_language_GNN/model/imagedata-main\0\953.jpg,0,0.91370416
G:/Sign_language_GNN/model/imagedata-main\0\954.jpg,0,0.94435954
G:/Sign_language_GNN/model/imagedata-main\0\955.jpg,0,0.94435954
G:/Sign_language_GNN/model/imagedata-main\0\956.jpg,0,0.9720784
G:/Sign_language_GNN/model/imagedata-main\0\957.jpg,0,0.97251457
G:/Sign_language_GNN/model/imagedata-main\0\958.jpg,0,0.9914587
G:/Sign_language_GNN/model/imagedata-main\0\960.jpg,0,0.99778074
G:/Sign_language_GNN/model/imagedata-main\0\961.jpg,0,0.9978338
G:/Sign_language_GNN/model/imagedata-main\0\962.jpg,0,0.99486214
G:/Sign_language_GNN/model/imagedata-main\0\963.jpg,0,0.993547
G:/Sign_language_GNN/model/imagedata-main\0\964.jpg,0,0.9902947
G:/Sign_language_GNN/model/imagedata-main\0\965.jpg,0,0.992338
G:/Sign_language_GNN/model/imagedata-main\0\966.jpg,0,0.99305
G:/Sign_language_GNN/model/imagedata-main\0\967.jpg,0,0.96409214
G:/Sign_language_GNN/model/imagedata-main\0\968.jpg,0,0.9670196
G:/Sign_language_GNN/model/imagedata-main\0\969.jpg,0,0.9670196
G:/Sign_language_GNN/model/imagedata-main\0\970.jpg,0,0.97412133
G:/Sign_language_GNN/model/imagedata-main\0\971.jpg,0,0.99447787
G:/Sign_language_GNN/model/imagedata-main\0\972.jpg,0,0.9748369
G:/Sign_language_GNN/model/imagedata-main\0\973.jpg,0,0.97333026
G:/Sign_language_GNN/model/imagedata-main\0\974.jpg,0,0.9657754
G:/Sign_language_GNN/model/imagedata-main\0\975.jpg,0,0.926416
G:/Sign_language_GNN/model/imagedata-main\0\976.jpg,0,0.9968978
G:/Sign_language_GNN/model/imagedata-main\0\977.jpg,0,0.99761117
G:/Sign_language_GNN/model/imagedata-main\0\978.jpg,0,0.99924016
G:/Sign_language_GNN/model/imagedata-main\0\979.jpg,0,0.9992198
G:/Sign_language_GNN/model/imagedata-main\0\980.jpg,0,0.99910235
G:/Sign_language_GNN/model/imagedata-main\0\981.jpg,0,0.9994753
G:/Sign_language_GNN/model/imagedata-main\0\982.jpg,0,0.99928373
G:/Sign_language_GNN/model/imagedata-main\0\983.jpg,0,0.99783856
G:/Sign_language_GNN/model/imagedata-main\0\984.jpg,0,0.9992725
G:/Sign_language_GNN/model/imagedata-main\0\985.jpg,0,0.9992435
G:/Sign_language_GNN/model/imagedata-main\0\986.jpg,0,0.99936765
G:/Sign_language_GNN/model/imagedata-main\0\987.jpg,0,0.99949527
G:/Sign_language_GNN/model/imagedata-main\0\988.jpg,0,0.9992459
G:/Sign_language_GNN/model/imagedata-main\0\989.jpg,0,0.9993685
G:/Sign_language_GNN/model/imagedata-main\0\990.jpg,0,0.9993431
G:/Sign_language_GNN/model/imagedata-main\0\992.jpg,0,0.99929297
G:/Sign_language_GNN/model/imagedata-main\1\0.jpg,1,0.9986745
G:/Sign_language_GNN/model/imagedata-main\1\1.jpg,1,0.99882823
G:/Sign_language_GNN/model/imagedata-main\1\10.jpg,1,0.99466455
G:/Sign_language_GNN/model/imagedata-main\1\100.jpg,1,0.9865384
G:/Sign_language_GNN/model/imagedata-main\1\1001.jpg,1,0.99879897
G:/Sign_language_GNN/model/imagedata-main\1\1003.jpg,1,0.9993286
G:/Sign_language_GNN/model/imagedata-main\1\1004.jpg,1,0.99881786
G:/Sign_language_GNN/model/imagedata-main\1\1005.jpg,1,0.9988626
G:/Sign_language_GNN/model/imagedata-main\1\1006.jpg,1,0.99937963
G:/Sign_language_GNN/model/imagedata-main\1\1007.jpg,1,0.9994404
G:/Sign_language_GNN/model/imagedata-main\1\1008.jpg,1,0.99862456
G:/Sign_language_GNN/model/imagedata-main\1\1009.jpg,1,0.99904186
G:/Sign_language_GNN/model/imagedata-main\1\101.jpg,1,0.97812414
G:/Sign_language_GNN/model/imagedata-main\1\1010.jpg,1,0.9994276
G:/Sign_language_GNN/model/imagedata-main\1\1011.jpg,1,0.99838567
G:/Sign_language_GNN/model/imagedata-main\1\1012.jpg,1,0.99889565
G:/Sign_language_GNN/model/imagedata-main\1\1013.jpg,1,0.99799156
G:/Sign_language_GNN/model/imagedata-main\1\1014.jpg,1,0.9987507
G:/Sign_language_GNN/model/imagedata-main\1\1015.jpg,1,0.99904567
G:/Sign_language_GNN/model/imagedata-main\1\1016.jpg,1,0.99889815
G:/Sign_language_GNN/model/imagedata-main\1\1017.jpg,1,0.99873
G:/Sign_language_GNN/model/imagedata-main\1\1018.jpg,1,0.9986761
G:/Sign_language_GNN/model/imagedata-main\1\1019.jpg,1,0.9988311
G:/Sign_language_GNN/model/imagedata-main\1\102.jpg,1,0.99173295
G:/Sign_language_GNN/model/imagedata-main\1\1020.jpg,1,0.9982527
G:/Sign_language_GNN/model/imagedata-main\1\1021.jpg,1,0.99844307
G:/Sign_language_GNN/model/imagedata-main\1\1022.jpg,1,0.9981844
G:/Sign_language_GNN/model/imagedata-main\1\1023.jpg,1,0.9991357
G:/Sign_language_GNN/model/imagedata-main\1\1024.jpg,1,0.9984426
G:/Sign_language_GNN/model/imagedata-main\1\1025.jpg,1,0.9986953
G:/Sign_language_GNN/model/imagedata-main\1\1026.jpg,1,0.99883693
G:/Sign_language_GNN/model/imagedata-main\1\1027.jpg,1,0.9995708
G:/Sign_language_GNN/model/imagedata-main\1\103.jpg,1,0.9970253
G:/Sign_language_GNN/model/imagedata-main\1\1037.jpg,1,0.93576986
G:/Sign_language_GNN/model/imagedata-main\1\1038.jpg,1,0.7673077
G:/Sign_language_GNN/model/imagedata-main\1\1039.jpg,1,0.8406609
G:/Sign_language_GNN/model/imagedata-main\1\104.jpg,1,0.9836235
G:/Sign_language_GNN/model/imagedata-main\1\1040.jpg,1,0.9787338
G:/Sign_language_GNN/model/imagedata-main\1\1041.jpg,1,0.9905019
G:/Sign_language_GNN/model/imagedata-main\1\1042.jpg,1,0.9924583
G:/Sign_language_GNN/model/imagedata-main\1\105.jpg,1,0.99436027
G:/Sign_language_GNN/model/imagedata-main\1\1052.jpg,1,0.9975873
G:/Sign_language_GNN/model/imagedata-main\1\1053.jpg,1,0.9966287
G:/Sign_language_GNN/model/imagedata-main\1\1055.jpg,1,0.997823
G:/Sign_language_GNN/model/imagedata-main\1\1056.jpg,1,0.9934383
G:/Sign_language_GNN/model/imagedata-main\1\1057.jpg,1,0.9986725
G:/Sign_language_GNN/model/imagedata-main\1\106.jpg,1,0.97823834
G:/Sign_language_GNN/model/imagedata-main\1\107.jpg,1,0.9844893
G:/Sign_language_GNN/model/imagedata-main\1\1072.jpg,1,0.99961627
G:/Sign_language_GNN/model/imagedata-main\1\108.jpg,1,0.9956982
G:/Sign_language_GNN/model/imagedata-main\1\1085.jpg,1,0.9782316
G:/Sign_language_GNN/model/imagedata-main\1\109.jpg,1,0.99223435
G:/Sign_language_GNN/model/imagedata-main\1\11.jpg,1,0.9958759
G:/Sign_language_GNN/model/imagedata-main\1\110.jpg,1,0.99593097
G:/Sign_language_GNN/model/imagedata-main\1\1100.jpg,1,0.99856514
G:/Sign_language_GNN/model/imagedata-main\1\1107.jpg,1,0.9938731
G:/Sign_language_GNN/model/imagedata-main\1\111.jpg,1,0.9897866
G:/Sign_language_GNN/model/imagedata-main\1\1118.jpg,1,0.9942392
G:/Sign_language_GNN/model/imagedata-main\1\1119.jpg,1,0.99440324
G:/Sign_language_GNN/model/imagedata-main\1\112.jpg,1,0.9863652
G:/Sign_language_GNN/model/imagedata-main\1\1120.jpg,1,0.9955414
G:/Sign_language_GNN/model/imagedata-main\1\1121.jpg,1,0.9962075
G:/Sign_language_GNN/model/imagedata-main\1\1122.jpg,1,0.99656135
G:/Sign_language_GNN/model/imagedata-main\1\1123.jpg,1,0.9957522
G:/Sign_language_GNN/model/imagedata-main\1\1124.jpg,1,0.996414
G:/Sign_language_GNN/model/imagedata-main\1\1125.jpg,1,0.99409986
G:/Sign_language_GNN/model/imagedata-main\1\1126.jpg,1,0.9942007
G:/Sign_language_GNN/model/imagedata-main\1\1127.jpg,1,0.99313617
G:/Sign_language_GNN/model/imagedata-main\1\1128.jpg,1,0.99094594
G:/Sign_language_GNN/model/imagedata-main\1\1129.jpg,1,0.98581624
G:/Sign_language_GNN/model/imagedata-main\1\113.jpg,1,0.99027246
G:/Sign_language_GNN/model/imagedata-main\1\1130.jpg,1,0.99431145
G:/Sign_language_GNN/model/imagedata-main\1\1131.jpg,1,0.99443924
G:/Sign_language_GNN/model/imagedata-main\1\1132.jpg,1,0.9937598
G:/Sign_language_GNN/model/imagedata-main\1\1133.jpg,1,0.9933209
G:/Sign_language_GNN/model/imagedata-main\1\1134.jpg,1,0.9930894
G:/Sign_language_GNN/model/imagedata-main\1\1135.jpg,1,0.992642
G:/Sign_language_GNN/model/imagedata-main\1\1136.jpg,1,0.99369353
G:/Sign_language_GNN/model/imagedata-main\1\1137.jpg,1,0.993115
G:/Sign_language_GNN/model/imagedata-main\1\1138.jpg,1,0.9935802
G:/Sign_language_GNN/model/imagedata-main\1\1139.jpg,1,0.98840463
G:/Sign_language_GNN/model/imagedata-main\1\114.jpg,1,0.998073
G:/Sign_language_GNN/model/imagedata-main\1\1140.jpg,1,0.9902063
G:/Sign_language_GNN/model/imagedata-main\1\1142.jpg,1,0.99838436
G:/Sign_language_GNN/model/imagedata-main\1\1143.jpg,1,0.9983688
G:/Sign_language_GNN/model/imagedata-main\1\1144.jpg,1,0.9987534
G:/Sign_language_GNN/model/imagedata-main\1\1145.jpg,1,0.99913496
G:/Sign_language_GNN/model/imagedata-main\1\1146.jpg,1,0.99961144
G:/Sign_language_GNN/model/imagedata-main\1\1147.jpg,1,0.99868506
G:/Sign_language_GNN/model/imagedata-main\1\1148.jpg,1,0.9973807
G:/Sign_language_GNN/model/imagedata-main\1\1149.jpg,1,0.9931938
G:/Sign_language_GNN/model/imagedata-main\1\115.jpg,1,0.99700004
G:/Sign_language_GNN/model/imagedata-main\1\1150.jpg,1,0.9952223
G:/Sign_language_GNN/model/imagedata-main\1\1151.jpg,1,0.9959168
G:/Sign_language_GNN/model/imagedata-main\1\1152.jpg,1,0.9947307
G:/Sign_language_GNN/model/imagedata-main\1\1153.jpg,1,0.9939814
G:/Sign_language_GNN/model/imagedata-main\1\1154.jpg,1,0.9913396
G:/Sign_language_GNN/model/imagedata-main\1\1155.jpg,1,0.98890907
G:/Sign_language_GNN/model/imagedata-main\1\1156.jpg,1,0.9881092
G:/Sign_language_GNN/model/imagedata-main\1\1157.jpg,1,0.9879183
G:/Sign_language_GNN/model/imagedata-main\1\1158.jpg,1,0.98921037
G:/Sign_language_GNN/model/imagedata-main\1\1159.jpg,1,0.9879189
G:/Sign_language_GNN/model/imagedata-main\1\116.jpg,1,0.995669
G:/Sign_language_GNN/model/imagedata-main\1\1160.jpg,1,0.9883384
G:/Sign_language_GNN/model/imagedata-main\1\1162.jpg,1,0.98735356
G:/Sign_language_GNN/model/imagedata-main\1\1163.jpg,1,0.9853764
G:/Sign_language_GNN/model/imagedata-main\1\1164.jpg,1,0.9883548
G:/Sign_language_GNN/model/imagedata-main\1\1165.jpg,1,0.98639673
G:/Sign_language_GNN/model/imagedata-main\1\1166.jpg,1,0.9849006
G:/Sign_language_GNN/model/imagedata-main\1\1167.jpg,1,0.98611206
G:/Sign_language_GNN/model/imagedata-main\1\1168.jpg,1,0.9848114
G:/Sign_language_GNN/model/imagedata-main\1\1169.jpg,1,0.98572564
G:/Sign_language_GNN/model/imagedata-main\1\117.jpg,1,0.9919749
G:/Sign_language_GNN/model/imagedata-main\1\1170.jpg,1,0.9906792
G:/Sign_language_GNN/model/imagedata-main\1\1171.jpg,1,0.99195766
G:/Sign_language_GNN/model/imagedata-main\1\1172.jpg,1,0.992997
G:/Sign_language_GNN/model/imagedata-main\1\1173.jpg,1,0.9947743
G:/Sign_language_GNN/model/imagedata-main\1\1174.jpg,1,0.9853343
G:/Sign_language_GNN/model/imagedata-main\1\1175.jpg,1,0.9908819
G:/Sign_language_GNN/model/imagedata-main\1\1176.jpg,1,0.98155147
G:/Sign_language_GNN/model/imagedata-main\1\1177.jpg,1,0.99116874
G:/Sign_language_GNN/model/imagedata-main\1\1178.jpg,1,0.86716175
G:/Sign_language_GNN/model/imagedata-main\1\1179.jpg,1,0.58494145
G:/Sign_language_GNN/model/imagedata-main\1\118.jpg,1,0.9932399
G:/Sign_language_GNN/model/imagedata-main\1\1180.jpg,1,0.9946812
G:/Sign_language_GNN/model/imagedata-main\1\1181.jpg,1,0.9961539
G:/Sign_language_GNN/model/imagedata-main\1\1182.jpg,1,0.9956636
G:/Sign_language_GNN/model/imagedata-main\1\1183.jpg,1,0.99602026
G:/Sign_language_GNN/model/imagedata-main\1\1184.jpg,1,0.99559647
G:/Sign_language_GNN/model/imagedata-main\1\1185.jpg,1,0.99589753
G:/Sign_language_GNN/model/imagedata-main\1\1186.jpg,1,0.99557954
G:/Sign_language_GNN/model/imagedata-main\1\1187.jpg,1,0.99638605
G:/Sign_language_GNN/model/imagedata-main\1\1188.jpg,1,0.99666023
G:/Sign_language_GNN/model/imagedata-main\1\1189.jpg,1,0.9969298
G:/Sign_language_GNN/model/imagedata-main\1\119.jpg,1,0.9903504
G:/Sign_language_GNN/model/imagedata-main\1\1190.jpg,1,0.99676335
G:/Sign_language_GNN/model/imagedata-main\1\1191.jpg,1,0.9976078
G:/Sign_language_GNN/model/imagedata-main\1\1192.jpg,1,0.9968207
G:/Sign_language_GNN/model/imagedata-main\1\1193.jpg,1,0.99723583
G:/Sign_language_GNN/model/imagedata-main\1\1194.jpg,1,0.9964097
G:/Sign_language_GNN/model/imagedata-main\1\1195.jpg,1,0.9962525
G:/Sign_language_GNN/model/imagedata-main\1\1196.jpg,1,0.99610174
G:/Sign_language_GNN/model/imagedata-main\1\1197.jpg,1,0.99631137
G:/Sign_language_GNN/model/imagedata-main\1\1198.jpg,1,0.99507105
G:/Sign_language_GNN/model/imagedata-main\1\1199.jpg,1,0.9953773
G:/Sign_language_GNN/model/imagedata-main\1\120.jpg,1,0.9916747
G:/Sign_language_GNN/model/imagedata-main\1\1200.jpg,1,0.99542135
G:/Sign_language_GNN/model/imagedata-main\1\1201.jpg,1,0.9947636
G:/Sign_language_GNN/model/imagedata-main\1\1202.jpg,1,0.9965162
G:/Sign_language_GNN/model/imagedata-main\1\1203.jpg,1,0.99703014
G:/Sign_language_GNN/model/imagedata-main\1\1204.jpg,1,0.99742234
G:/Sign_language_GNN/model/imagedata-main\1\1205.jpg,1,0.99821424
G:/Sign_language_GNN/model/imagedata-main\1\1206.jpg,1,0.99850094
G:/Sign_language_GNN/model/imagedata-main\1\1207.jpg,1,0.99865687
G:/Sign_language_GNN/model/imagedata-main\1\1208.jpg,1,0.99860805
G:/Sign_language_GNN/model/imagedata-main\1\1209.jpg,1,0.99841964
G:/Sign_language_GNN/model/imagedata-main\1\121.jpg,1,0.995097
G:/Sign_language_GNN/model/imagedata-main\1\1210.jpg,1,0.99877864
G:/Sign_language_GNN/model/imagedata-main\1\1211.jpg,1,0.99869376
G:/Sign_language_GNN/model/imagedata-main\1\1212.jpg,1,0.99886584
G:/Sign_language_GNN/model/imagedata-main\1\1213.jpg,1,0.9989427
G:/Sign_language_GNN/model/imagedata-main\1\1214.jpg,1,0.99579763
G:/Sign_language_GNN/model/imagedata-main\1\1215.jpg,1,0.994958
G:/Sign_language_GNN/model/imagedata-main\1\1216.jpg,1,0.996512
G:/Sign_language_GNN/model/imagedata-main\1\1217.jpg,1,0.9957736
G:/Sign_language_GNN/model/imagedata-main\1\1218.jpg,1,0.9949523
G:/Sign_language_GNN/model/imagedata-main\1\1219.jpg,1,0.9956542
G:/Sign_language_GNN/model/imagedata-main\1\122.jpg,1,0.9955676
G:/Sign_language_GNN/model/imagedata-main\1\1220.jpg,1,0.9951479
G:/Sign_language_GNN/model/imagedata-main\1\1221.jpg,1,0.99350846
G:/Sign_language_GNN/model/imagedata-main\1\1222.jpg,1,0.99302423
G:/Sign_language_GNN/model/imagedata-main\1\1223.jpg,1,0.994705
G:/Sign_language_GNN/model/imagedata-main\1\1224.jpg,1,0.99402386
G:/Sign_language_GNN/model/imagedata-main\1\1227.jpg,1,0.994371
G:/Sign_language_GNN/model/imagedata-main\1\1228.jpg,1,0.9939405
G:/Sign_language_GNN/model/imagedata-main\1\1229.jpg,1,0.99665713
G:/Sign_language_GNN/model/imagedata-main\1\123.jpg,1,0.99520135
G:/Sign_language_GNN/model/imagedata-main\1\1230.jpg,1,0.99772984
G:/Sign_language_GNN/model/imagedata-main\1\1231.jpg,1,0.99761885
G:/Sign_language_GNN/model/imagedata-main\1\1232.jpg,1,0.9977932
G:/Sign_language_GNN/model/imagedata-main\1\1233.jpg,1,0.9921146
G:/Sign_language_GNN/model/imagedata-main\1\1234.jpg,1,0.9811716
G:/Sign_language_GNN/model/imagedata-main\1\1235.jpg,1,0.80665725
G:/Sign_language_GNN/model/imagedata-main\1\1238.jpg,1,0.9997197
G:/Sign_language_GNN/model/imagedata-main\1\1239.jpg,1,0.9997197
G:/Sign_language_GNN/model/imagedata-main\1\124.jpg,1,0.99333197
G:/Sign_language_GNN/model/imagedata-main\1\1241.jpg,1,0.9995284
G:/Sign_language_GNN/model/imagedata-main\1\1242.jpg,1,0.999215
G:/Sign_language_GNN/model/imagedata-main\1\1243.jpg,1,0.99704295
G:/Sign_language_GNN/model/imagedata-main\1\1244.jpg,1,0.9974853
G:/Sign_language_GNN/model/imagedata-main\1\1245.jpg,1,0.99725
G:/Sign_language_GNN/model/imagedata-main\1\1246.jpg,1,0.9966691
G:/Sign_language_GNN/model/imagedata-main\1\1247.jpg,1,0.99046785
G:/Sign_language_GNN/model/imagedata-main\1\1248.jpg,1,0.99942243
G:/Sign_language_GNN/model/imagedata-main\1\1249.jpg,1,0.99931467
G:/Sign_language_GNN/model/imagedata-main\1\125.jpg,1,0.99236894
G:/Sign_language_GNN/model/imagedata-main\1\1250.jpg,1,0.99918205
G:/Sign_language_GNN/model/imagedata-main\1\1251.jpg,1,0.9991984
G:/Sign_language_GNN/model/imagedata-main\1\1252.jpg,1,0.9988753
G:/Sign_language_GNN/model/imagedata-main\1\1253.jpg,1,0.99923456
G:/Sign_language_GNN/model/imagedata-main\1\1254.jpg,1,0.99969065
G:/Sign_language_GNN/model/imagedata-main\1\1259.jpg,1,0.7333881
G:/Sign_language_GNN/model/imagedata-main\1\126.jpg,1,0.99298686
G:/Sign_language_GNN/model/imagedata-main\1\1260.jpg,1,0.9304402
G:/Sign_language_GNN/model/imagedata-main\1\1261.jpg,1,0.9405378
G:/Sign_language_GNN/model/imagedata-main\1\1262.jpg,2,0.5907276
G:/Sign_language_GNN/model/imagedata-main\1\1263.jpg,1,0.93400383
G:/Sign_language_GNN/model/imagedata-main\1\1264.jpg,1,0.9978389
G:/Sign_language_GNN/model/imagedata-main\1\1265.jpg,1,0.99849916
G:/Sign_language_GNN/model/imagedata-main\1\1266.jpg,1,0.9985947
G:/Sign_language_GNN/model/imagedata-main\1\127.jpg,1,0.99202204
G:/Sign_language_GNN/model/imagedata-main\1\1270.jpg,1,0.999577
G:/Sign_language_GNN/model/imagedata-main\1\1271.jpg,1,0.99926716
G:/Sign_language_GNN/model/imagedata-main\1\1272.jpg,1,0.9991804
G:/Sign_language_GNN/model/imagedata-main\1\1273.jpg,1,0.9989041
G:/Sign_language_GNN/model/imagedata-main\1\1274.jpg,1,0.99895763
G:/Sign_language_GNN/model/imagedata-main\1\1275.jpg,1,0.9971271
G:/Sign_language_GNN/model/imagedata-main\1\1276.jpg,1,0.9848866
G:/Sign_language_GNN/model/imagedata-main\1\1277.jpg,1,0.9862044
G:/Sign_language_GNN/model/imagedata-main\1\1278.jpg,1,0.9859723
G:/Sign_language_GNN/model/imagedata-main\1\1279.jpg,1,0.98645556
G:/Sign_language_GNN/model/imagedata-main\1\128.jpg,1,0.9939653
G:/Sign_language_GNN/model/imagedata-main\1\1280.jpg,1,0.9853742
G:/Sign_language_GNN/model/imagedata-main\1\1281.jpg,1,0.98499286
G:/Sign_language_GNN/model/imagedata-main\1\1282.jpg,1,0.984869
G:/Sign_language_GNN/model/imagedata-main\1\1283.jpg,1,0.98392856
G:/Sign_language_GNN/model/imagedata-main\1\1284.jpg,1,0.9837366
G:/Sign_language_GNN/model/imagedata-main\1\1285.jpg,1,0.98096186
G:/Sign_language_GNN/model/imagedata-main\1\1286.jpg,1,0.9947044
G:/Sign_language_GNN/model/imagedata-main\1\1287.jpg,1,0.997638
G:/Sign_language_GNN/model/imagedata-main\1\1289.jpg,1,0.9985251
G:/Sign_language_GNN/model/imagedata-main\1\129.jpg,1,0.99489415
G:/Sign_language_GNN/model/imagedata-main\1\1290.jpg,1,0.99860793
G:/Sign_language_GNN/model/imagedata-main\1\1291.jpg,1,0.9973532
G:/Sign_language_GNN/model/imagedata-main\1\1292.jpg,1,0.9871438
G:/Sign_language_GNN/model/imagedata-main\1\1293.jpg,1,0.9729345
G:/Sign_language_GNN/model/imagedata-main\1\1298.jpg,1,0.99670047
G:/Sign_language_GNN/model/imagedata-main\1\1299.jpg,1,0.98108655
G:/Sign_language_GNN/model/imagedata-main\1\130.jpg,1,0.992451
G:/Sign_language_GNN/model/imagedata-main\1\1300.jpg,1,0.95106214
G:/Sign_language_GNN/model/imagedata-main\1\1301.jpg,1,0.94561446
G:/Sign_language_GNN/model/imagedata-main\1\1302.jpg,1,0.96416926
G:/Sign_language_GNN/model/imagedata-main\1\1306.jpg,1,0.7060053
G:/Sign_language_GNN/model/imagedata-main\1\1307.jpg,2,0.87161875
G:/Sign_language_GNN/model/imagedata-main\1\1308.jpg,2,0.8906664
G:/Sign_language_GNN/model/imagedata-main\1\1309.jpg,2,0.5249916
G:/Sign_language_GNN/model/imagedata-main\1\131.jpg,1,0.9967435
G:/Sign_language_GNN/model/imagedata-main\1\1310.jpg,1,0.761289
G:/Sign_language_GNN/model/imagedata-main\1\1311.jpg,1,0.78279424
G:/Sign_language_GNN/model/imagedata-main\1\132.jpg,1,0.99613035
G:/Sign_language_GNN/model/imagedata-main\1\1320.jpg,1,0.9963651
G:/Sign_language_GNN/model/imagedata-main\1\1321.jpg,1,0.99756277
G:/Sign_language_GNN/model/imagedata-main\1\1322.jpg,1,0.9976974
G:/Sign_language_GNN/model/imagedata-main\1\1323.jpg,1,0.99750215
G:/Sign_language_GNN/model/imagedata-main\1\1324.jpg,1,0.997433
G:/Sign_language_GNN/model/imagedata-main\1\1327.jpg,1,0.9483691
G:/Sign_language_GNN/model/imagedata-main\1\1328.jpg,1,0.96882534
G:/Sign_language_GNN/model/imagedata-main\1\1329.jpg,1,0.96804184
G:/Sign_language_GNN/model/imagedata-main\1\133.jpg,1,0.9968568
G:/Sign_language_GNN/model/imagedata-main\1\1330.jpg,1,0.97398055
G:/Sign_language_GNN/model/imagedata-main\1\1331.jpg,1,0.9688694
G:/Sign_language_GNN/model/imagedata-main\1\1332.jpg,1,0.9781627
G:/Sign_language_GNN/model/imagedata-main\1\1333.jpg,1,0.98323834
G:/Sign_language_GNN/model/imagedata-main\1\1334.jpg,1,0.98911285
G:/Sign_language_GNN/model/imagedata-main\1\1335.jpg,1,0.98911285
G:/Sign_language_GNN/model/imagedata-main\1\1336.jpg,1,0.9894405
G:/Sign_language_GNN/model/imagedata-main\1\1337.jpg,1,0.9844818
G:/Sign_language_GNN/model/imagedata-main\1\134.jpg,1,0.9967524
G:/Sign_language_GNN/model/imagedata-main\1\1349.jpg,1,0.99604404
G:/Sign_language_GNN/model/imagedata-main\1\135.jpg,1,0.9965593
G:/Sign_language_GNN/model/imagedata-main\1\1350.jpg,1,0.99379444
G:/Sign_language_GNN/model/imagedata-main\1\1351.jpg,1,0.9976357
G:/Sign_language_GNN/model/imagedata-main\1\1352.jpg,1,0.99571687
G:/Sign_language_GNN/model/imagedata-main\1\1353.jpg,1,0.9969988
G:/Sign_language_GNN/model/imagedata-main\1\1354.jpg,1,0.995034
G:/Sign_language_GNN/model/imagedata-main\1\1356.jpg,1,0.9694979
G:/Sign_language_GNN/model/imagedata-main\1\136.jpg,1,0.9967362
G:/Sign_language_GNN/model/imagedata-main\1\1368.jpg,1,0.74153036
G:/Sign_language_GNN/model/imagedata-main\1\1369.jpg,2,0.982647
G:/Sign_language_GNN/model/imagedata-main\1\137.jpg,1,0.9965913
G:/Sign_language_GNN/model/imagedata-main\1\1370.jpg,1,0.9796056
G:/Sign_language_GNN/model/imagedata-main\1\1378.jpg,1,0.96270674
G:/Sign_language_GNN/model/imagedata-main\1\1379.jpg,1,0.96520996
G:/Sign_language_GNN/model/imagedata-main\1\138.jpg,1,0.9965913
G:/Sign_language_GNN/model/imagedata-main\1\1380.jpg,1,0.9746762
G:/Sign_language_GNN/model/imagedata-main\1\1381.jpg,1,0.97592974
G:/Sign_language_GNN/model/imagedata-main\1\1382.jpg,1,0.9824531
G:/Sign_language_GNN/model/imagedata-main\1\1383.jpg,1,0.9820207
G:/Sign_language_GNN/model/imagedata-main\1\1384.jpg,1,0.981558
G:/Sign_language_GNN/model/imagedata-main\1\1385.jpg,1,0.9855084
G:/Sign_language_GNN/model/imagedata-main\1\1386.jpg,1,0.9866246
G:/Sign_language_GNN/model/imagedata-main\1\1387.jpg,1,0.985608
G:/Sign_language_GNN/model/imagedata-main\1\1388.jpg,1,0.98464483
G:/Sign_language_GNN/model/imagedata-main\1\1389.jpg,1,0.98231024
G:/Sign_language_GNN/model/imagedata-main\1\139.jpg,1,0.99658954
G:/Sign_language_GNN/model/imagedata-main\1\1390.jpg,1,0.979675
G:/Sign_language_GNN/model/imagedata-main\1\1391.jpg,1,0.9838012
G:/Sign_language_GNN/model/imagedata-main\1\1392.jpg,1,0.9824635
G:/Sign_language_GNN/model/imagedata-main\1\1393.jpg,1,0.9809779
G:/Sign_language_GNN/model/imagedata-main\1\1394.jpg,1,0.97115415
G:/Sign_language_GNN/model/imagedata-main\1\1395.jpg,1,0.96699286
G:/Sign_language_GNN/model/imagedata-main\1\1396.jpg,1,0.9713191
G:/Sign_language_GNN/model/imagedata-main\1\1397.jpg,1,0.9604874
G:/Sign_language_GNN/model/imagedata-main\1\1398.jpg,1,0.97256166
G:/Sign_language_GNN/model/imagedata-main\1\1399.jpg,1,0.93669516
G:/Sign_language_GNN/model/imagedata-main\1\140.jpg,1,0.99754816
G:/Sign_language_GNN/model/imagedata-main\1\141.jpg,1,0.99773693
G:/Sign_language_GNN/model/imagedata-main\1\142.jpg,1,0.9974956
G:/Sign_language_GNN/model/imagedata-main\1\143.jpg,1,0.9976088
G:/Sign_language_GNN/model/imagedata-main\1\144.jpg,1,0.9975496
G:/Sign_language_GNN/model/imagedata-main\1\145.jpg,1,0.9978003
G:/Sign_language_GNN/model/imagedata-main\1\146.jpg,1,0.9979596
G:/Sign_language_GNN/model/imagedata-main\1\147.jpg,1,0.9976459
G:/Sign_language_GNN/model/imagedata-main\1\148.jpg,1,0.997569
G:/Sign_language_GNN/model/imagedata-main\1\149.jpg,1,0.997776
G:/Sign_language_GNN/model/imagedata-main\1\150.jpg,1,0.997195
G:/Sign_language_GNN/model/imagedata-main\1\151.jpg,1,0.99741936
G:/Sign_language_GNN/model/imagedata-main\1\152.jpg,1,0.9967423
G:/Sign_language_GNN/model/imagedata-main\1\153.jpg,1,0.9974331
G:/Sign_language_GNN/model/imagedata-main\1\154.jpg,1,0.99555016
G:/Sign_language_GNN/model/imagedata-main\1\155.jpg,1,0.9949705
G:/Sign_language_GNN/model/imagedata-main\1\156.jpg,1,0.99542797
G:/Sign_language_GNN/model/imagedata-main\1\157.jpg,1,0.9960062
G:/Sign_language_GNN/model/imagedata-main\1\158.jpg,1,0.99540615
G:/Sign_language_GNN/model/imagedata-main\1\159.jpg,1,0.9942847
G:/Sign_language_GNN/model/imagedata-main\1\160.jpg,1,0.9945809
G:/Sign_language_GNN/model/imagedata-main\1\161.jpg,1,0.9943051
G:/Sign_language_GNN/model/imagedata-main\1\162.jpg,1,0.99530435
G:/Sign_language_GNN/model/imagedata-main\1\163.jpg,1,0.9936365
G:/Sign_language_GNN/model/imagedata-main\1\164.jpg,1,0.9947994
G:/Sign_language_GNN/model/imagedata-main\1\165.jpg,1,0.9947438
G:/Sign_language_GNN/model/imagedata-main\1\166.jpg,1,0.9954312
G:/Sign_language_GNN/model/imagedata-main\1\167.jpg,1,0.9950853
G:/Sign_language_GNN/model/imagedata-main\1\168.jpg,1,0.9945416
G:/Sign_language_GNN/model/imagedata-main\1\169.jpg,1,0.99380374
G:/Sign_language_GNN/model/imagedata-main\1\170.jpg,1,0.99461925
G:/Sign_language_GNN/model/imagedata-main\1\171.jpg,1,0.99445385
G:/Sign_language_GNN/model/imagedata-main\1\172.jpg,1,0.9945081
G:/Sign_language_GNN/model/imagedata-main\1\173.jpg,1,0.9944587
G:/Sign_language_GNN/model/imagedata-main\1\174.jpg,1,0.99348277
G:/Sign_language_GNN/model/imagedata-main\1\175.jpg,1,0.99145705
G:/Sign_language_GNN/model/imagedata-main\1\176.jpg,1,0.98990697
G:/Sign_language_GNN/model/imagedata-main\1\177.jpg,1,0.9927301
G:/Sign_language_GNN/model/imagedata-main\1\178.jpg,1,0.99412245
G:/Sign_language_GNN/model/imagedata-main\1\179.jpg,1,0.99736637
G:/Sign_language_GNN/model/imagedata-main\1\180.jpg,1,0.99828917
G:/Sign_language_GNN/model/imagedata-main\1\181.jpg,1,0.9983827
G:/Sign_language_GNN/model/imagedata-main\1\182.jpg,1,0.9985037
G:/Sign_language_GNN/model/imagedata-main\1\183.jpg,1,0.9984037
G:/Sign_language_GNN/model/imagedata-main\1\184.jpg,1,0.9984894
G:/Sign_language_GNN/model/imagedata-main\1\185.jpg,1,0.9985159
G:/Sign_language_GNN/model/imagedata-main\1\186.jpg,1,0.9985769
G:/Sign_language_GNN/model/imagedata-main\1\187.jpg,1,0.9987859
G:/Sign_language_GNN/model/imagedata-main\1\188.jpg,1,0.9988558
G:/Sign_language_GNN/model/imagedata-main\1\189.jpg,1,0.9987286
G:/Sign_language_GNN/model/imagedata-main\1\190.jpg,1,0.99886644
G:/Sign_language_GNN/model/imagedata-main\1\191.jpg,1,0.9991431
G:/Sign_language_GNN/model/imagedata-main\1\192.jpg,1,0.99895835
G:/Sign_language_GNN/model/imagedata-main\1\193.jpg,1,0.99878556
G:/Sign_language_GNN/model/imagedata-main\1\194.jpg,1,0.9990614
G:/Sign_language_GNN/model/imagedata-main\1\195.jpg,1,0.99898916
G:/Sign_language_GNN/model/imagedata-main\1\196.jpg,1,0.9989411
G:/Sign_language_GNN/model/imagedata-main\1\197.jpg,1,0.99888176
G:/Sign_language_GNN/model/imagedata-main\1\198.jpg,1,0.999
G:/Sign_language_GNN/model/imagedata-main\1\199.jpg,1,0.9990239
G:/Sign_language_GNN/model/imagedata-main\1\2.jpg,1,0.99874914
G:/Sign_language_GNN/model/imagedata-main\1\20.jpg,1,0.9973515
G:/Sign_language_GNN/model/imagedata-main\1\200.jpg,1,0.9989742
G:/Sign_language_GNN/model/imagedata-main\1\201.jpg,1,0.99922216
G:/Sign_language_GNN/model/imagedata-main\1\202.jpg,1,0.99923205
G:/Sign_language_GNN/model/imagedata-main\1\203.jpg,1,0.999201
G:/Sign_language_GNN/model/imagedata-main\1\204.jpg,1,0.9990783
G:/Sign_language_GNN/model/imagedata-main\1\205.jpg,1,0.99927276
G:/Sign_language_GNN/model/imagedata-main\1\206.jpg,1,0.99937254
G:/Sign_language_GNN/model/imagedata-main\1\207.jpg,1,0.99903995
G:/Sign_language_GNN/model/imagedata-main\1\208.jpg,1,0.999074
G:/Sign_language_GNN/model/imagedata-main\1\209.jpg,1,0.9990596
G:/Sign_language_GNN/model/imagedata-main\1\21.jpg,1,0.9986482
G:/Sign_language_GNN/model/imagedata-main\1\210.jpg,1,0.99899846
G:/Sign_language_GNN/model/imagedata-main\1\211.jpg,1,0.9991485
G:/Sign_language_GNN/model/imagedata-main\1\212.jpg,1,0.9990771
G:/Sign_language_GNN/model/imagedata-main\1\213.jpg,1,0.9987864
G:/Sign_language_GNN/model/imagedata-main\1\214.jpg,1,0.9990361
G:/Sign_language_GNN/model/imagedata-main\1\215.jpg,1,0.99905425
G:/Sign_language_GNN/model/imagedata-main\1\216.jpg,1,0.9990766
G:/Sign_language_GNN/model/imagedata-main\1\217.jpg,1,0.98783034
G:/Sign_language_GNN/model/imagedata-main\1\218.jpg,1,0.9924856
G:/Sign_language_GNN/model/imagedata-main\1\219.jpg,1,0.9868025
G:/Sign_language_GNN/model/imagedata-main\1\22.jpg,1,0.99589795
G:/Sign_language_GNN/model/imagedata-main\1\221.jpg,1,0.8493134
G:/Sign_language_GNN/model/imagedata-main\1\222.jpg,1,0.9957873
G:/Sign_language_GNN/model/imagedata-main\1\223.jpg,1,0.997759
G:/Sign_language_GNN/model/imagedata-main\1\224.jpg,1,0.99781656
G:/Sign_language_GNN/model/imagedata-main\1\225.jpg,1,0.99772507
G:/Sign_language_GNN/model/imagedata-main\1\226.jpg,1,0.9975176
G:/Sign_language_GNN/model/imagedata-main\1\227.jpg,1,0.9972499
G:/Sign_language_GNN/model/imagedata-main\1\228.jpg,1,0.9969799
G:/Sign_language_GNN/model/imagedata-main\1\229.jpg,1,0.9962507
G:/Sign_language_GNN/model/imagedata-main\1\23.jpg,1,0.9946567
G:/Sign_language_GNN/model/imagedata-main\1\230.jpg,1,0.9935202
G:/Sign_language_GNN/model/imagedata-main\1\231.jpg,1,0.9926434
G:/Sign_language_GNN/model/imagedata-main\1\232.jpg,1,0.9926434
G:/Sign_language_GNN/model/imagedata-main\1\233.jpg,1,0.991434
G:/Sign_language_GNN/model/imagedata-main\1\234.jpg,1,0.98676014
G:/Sign_language_GNN/model/imagedata-main\1\235.jpg,1,0.99106884
G:/Sign_language_GNN/model/imagedata-main\1\236.jpg,1,0.9915202
G:/Sign_language_GNN/model/imagedata-main\1\237.jpg,1,0.99160177
G:/Sign_language_GNN/model/imagedata-main\1\238.jpg,1,0.9915249
G:/Sign_language_GNN/model/imagedata-main\1\239.jpg,1,0.99159396
G:/Sign_language_GNN/model/imagedata-main\1\24.jpg,1,0.99465334
G:/Sign_language_GNN/model/imagedata-main\1\240.jpg,1,0.98424894
G:/Sign_language_GNN/model/imagedata-main\1\241.jpg,1,0.9964282
G:/Sign_language_GNN/model/imagedata-main\1\242.jpg,1,0.9985922
G:/Sign_language_GNN/model/imagedata-main\1\243.jpg,1,0.99866664
G:/Sign_language_GNN/model/imagedata-main\1\244.jpg,1,0.9985831
G:/Sign_language_GNN/model/imagedata-main\1\245.jpg,1,0.99855036
G:/Sign_language_GNN/model/imagedata-main\1\246.jpg,1,0.99840623
G:/Sign_language_GNN/model/imagedata-main\1\247.jpg,1,0.99854267
G:/Sign_language_GNN/model/imagedata-main\1\248.jpg,1,0.99851805
G:/Sign_language_GNN/model/imagedata-main\1\249.jpg,1,0.9988586
G:/Sign_language_GNN/model/imagedata-main\1\25.jpg,1,0.99557745
G:/Sign_language_GNN/model/imagedata-main\1\250.jpg,1,0.9985286
G:/Sign_language_GNN/model/imagedata-main\1\251.jpg,1,0.9985286
G:/Sign_language_GNN/model/imagedata-main\1\252.jpg,1,0.9985911
G:/Sign_language_GNN/model/imagedata-main\1\253.jpg,1,0.99858993
G:/Sign_language_GNN/model/imagedata-main\1\254.jpg,1,0.9986106
G:/Sign_language_GNN/model/imagedata-main\1\255.jpg,1,0.99855953
G:/Sign_language_GNN/model/imagedata-main\1\256.jpg,1,0.9986677
G:/Sign_language_GNN/model/imagedata-main\1\257.jpg,1,0.99878925
G:/Sign_language_GNN/model/imagedata-main\1\258.jpg,1,0.99807525
G:/Sign_language_GNN/model/imagedata-main\1\259.jpg,1,0.99824846
G:/Sign_language_GNN/model/imagedata-main\1\26.jpg,1,0.9946262
G:/Sign_language_GNN/model/imagedata-main\1\260.jpg,1,0.99820745
G:/Sign_language_GNN/model/imagedata-main\1\261.jpg,1,0.9982128
G:/Sign_language_GNN/model/imagedata-main\1\262.jpg,1,0.9983078
G:/Sign_language_GNN/model/imagedata-main\1\263.jpg,1,0.9982181
G:/Sign_language_GNN/model/imagedata-main\1\264.jpg,1,0.9980983
G:/Sign_language_GNN/model/imagedata-main\1\265.jpg,1,0.99803907
G:/Sign_language_GNN/model/imagedata-main\1\266.jpg,1,0.9984773
G:/Sign_language_GNN/model/imagedata-main\1\267.jpg,1,0.99805236
G:/Sign_language_GNN/model/imagedata-main\1\268.jpg,1,0.99859375
G:/Sign_language_GNN/model/imagedata-main\1\269.jpg,1,0.9985902
G:/Sign_language_GNN/model/imagedata-main\1\27.jpg,1,0.99643445
G:/Sign_language_GNN/model/imagedata-main\1\270.jpg,1,0.99882394
G:/Sign_language_GNN/model/imagedata-main\1\271.jpg,1,0.9989379
G:/Sign_language_GNN/model/imagedata-main\1\272.jpg,1,0.99910957
G:/Sign_language_GNN/model/imagedata-main\1\273.jpg,1,0.99920326
G:/Sign_language_GNN/model/imagedata-main\1\274.jpg,1,0.9991142
G:/Sign_language_GNN/model/imagedata-main\1\275.jpg,1,0.9991171
G:/Sign_language_GNN/model/imagedata-main\1\276.jpg,1,0.99927956
G:/Sign_language_GNN/model/imagedata-main\1\277.jpg,1,0.9992686
G:/Sign_language_GNN/model/imagedata-main\1\278.jpg,1,0.9264913
G:/Sign_language_GNN/model/imagedata-main\1\279.jpg,1,0.98757535
G:/Sign_language_GNN/model/imagedata-main\1\28.jpg,1,0.9964432
G:/Sign_language_GNN/model/imagedata-main\1\280.jpg,1,0.99196506
G:/Sign_language_GNN/model/imagedata-main\1\287.jpg,1,0.9974935
G:/Sign_language_GNN/model/imagedata-main\1\288.jpg,1,0.99683315
G:/Sign_language_GNN/model/imagedata-main\1\289.jpg,1,0.99708384
G:/Sign_language_GNN/model/imagedata-main\1\29.jpg,1,0.996223
G:/Sign_language_GNN/model/imagedata-main\1\290.jpg,1,0.9975158
G:/Sign_language_GNN/model/imagedata-main\1\291.jpg,1,0.9920421
G:/Sign_language_GNN/model/imagedata-main\1\292.jpg,1,0.9723564
G:/Sign_language_GNN/model/imagedata-main\1\293.jpg,1,0.97899425
G:/Sign_language_GNN/model/imagedata-main\1\294.jpg,1,0.9804484
G:/Sign_language_GNN/model/imagedata-main\1\295.jpg,1,0.982533
G:/Sign_language_GNN/model/imagedata-main\1\296.jpg,1,0.9862564
G:/Sign_language_GNN/model/imagedata-main\1\297.jpg,1,0.98675853
G:/Sign_language_GNN/model/imagedata-main\1\298.jpg,1,0.98364496
G:/Sign_language_GNN/model/imagedata-main\1\299.jpg,1,0.9839552
G:/Sign_language_GNN/model/imagedata-main\1\3.jpg,1,0.9987036
G:/Sign_language_GNN/model/imagedata-main\1\300.jpg,1,0.9857993
G:/Sign_language_GNN/model/imagedata-main\1\301.jpg,1,0.9881291
G:/Sign_language_GNN/model/imagedata-main\1\302.jpg,1,0.98937
G:/Sign_language_GNN/model/imagedata-main\1\303.jpg,1,0.98971343
G:/Sign_language_GNN/model/imagedata-main\1\304.jpg,1,0.9875354
G:/Sign_language_GNN/model/imagedata-main\1\305.jpg,1,0.9897597
G:/Sign_language_GNN/model/imagedata-main\1\306.jpg,1,0.99194735
G:/Sign_language_GNN/model/imagedata-main\1\307.jpg,1,0.98673743
G:/Sign_language_GNN/model/imagedata-main\1\308.jpg,1,0.9906158
G:/Sign_language_GNN/model/imagedata-main\1\309.jpg,1,0.9970721
G:/Sign_language_GNN/model/imagedata-main\1\310.jpg,1,0.99349606
G:/Sign_language_GNN/model/imagedata-main\1\315.jpg,1,0.99590427
G:/Sign_language_GNN/model/imagedata-main\1\318.jpg,1,0.99704945
G:/Sign_language_GNN/model/imagedata-main\1\32.jpg,1,0.96983474
G:/Sign_language_GNN/model/imagedata-main\1\320.jpg,1,0.9971206
G:/Sign_language_GNN/model/imagedata-main\1\321.jpg,1,0.9974705
G:/Sign_language_GNN/model/imagedata-main\1\322.jpg,1,0.9972844
G:/Sign_language_GNN/model/imagedata-main\1\325.jpg,1,0.9973181
G:/Sign_language_GNN/model/imagedata-main\1\326.jpg,1,0.99740535
G:/Sign_language_GNN/model/imagedata-main\1\327.jpg,1,0.99735403
G:/Sign_language_GNN/model/imagedata-main\1\328.jpg,1,0.9976041
G:/Sign_language_GNN/model/imagedata-main\1\329.jpg,1,0.9973149
G:/Sign_language_GNN/model/imagedata-main\1\33.jpg,1,0.99834263
G:/Sign_language_GNN/model/imagedata-main\1\330.jpg,1,0.99746096
G:/Sign_language_GNN/model/imagedata-main\1\331.jpg,1,0.99759823
G:/Sign_language_GNN/model/imagedata-main\1\332.jpg,1,0.99766773
G:/Sign_language_GNN/model/imagedata-main\1\333.jpg,1,0.9977545
G:/Sign_language_GNN/model/imagedata-main\1\334.jpg,1,0.9975682
G:/Sign_language_GNN/model/imagedata-main\1\335.jpg,1,0.99759054
G:/Sign_language_GNN/model/imagedata-main\1\336.jpg,1,0.9975823
G:/Sign_language_GNN/model/imagedata-main\1\337.jpg,1,0.9979824
G:/Sign_language_GNN/model/imagedata-main\1\338.jpg,1,0.9979007
G:/Sign_language_GNN/model/imagedata-main\1\339.jpg,1,0.9981596
G:/Sign_language_GNN/model/imagedata-main\1\34.jpg,1,0.9946865
G:/Sign_language_GNN/model/imagedata-main\1\340.jpg,1,0.9981596
G:/Sign_language_GNN/model/imagedata-main\1\341.jpg,1,0.99804866
G:/Sign_language_GNN/model/imagedata-main\1\342.jpg,1,0.9980286
G:/Sign_language_GNN/model/imagedata-main\1\343.jpg,1,0.9981846
G:/Sign_language_GNN/model/imagedata-main\1\344.jpg,1,0.9981681
G:/Sign_language_GNN/model/imagedata-main\1\345.jpg,1,0.99821544
G:/Sign_language_GNN/model/imagedata-main\1\346.jpg,1,0.99859065
G:/Sign_language_GNN/model/imagedata-main\1\347.jpg,1,0.99877614
G:/Sign_language_GNN/model/imagedata-main\1\348.jpg,1,0.9988943
G:/Sign_language_GNN/model/imagedata-main\1\349.jpg,1,0.9988292
G:/Sign_language_GNN/model/imagedata-main\1\35.jpg,1,0.9893115
G:/Sign_language_GNN/model/imagedata-main\1\350.jpg,1,0.9988292
G:/Sign_language_GNN/model/imagedata-main\1\351.jpg,1,0.9988035
G:/Sign_language_GNN/model/imagedata-main\1\352.jpg,1,0.99897885
G:/Sign_language_GNN/model/imagedata-main\1\353.jpg,1,0.9989976
G:/Sign_language_GNN/model/imagedata-main\1\354.jpg,1,0.9778977
G:/Sign_language_GNN/model/imagedata-main\1\359.jpg,1,0.9988657
G:/Sign_language_GNN/model/imagedata-main\1\36.jpg,1,0.97682697
G:/Sign_language_GNN/model/imagedata-main\1\360.jpg,1,0.99893206
G:/Sign_language_GNN/model/imagedata-main\1\361.jpg,1,0.9993119
G:/Sign_language_GNN/model/imagedata-main\1\362.jpg,1,0.99917537
G:/Sign_language_GNN/model/imagedata-main\1\363.jpg,1,0.9982243
G:/Sign_language_GNN/model/imagedata-main\1\364.jpg,1,0.9989262
G:/Sign_language_GNN/model/imagedata-main\1\365.jpg,1,0.99863464
G:/Sign_language_GNN/model/imagedata-main\1\366.jpg,1,0.9972274
G:/Sign_language_GNN/model/imagedata-main\1\367.jpg,1,0.9977331
G:/Sign_language_GNN/model/imagedata-main\1\368.jpg,1,0.99740195
G:/Sign_language_GNN/model/imagedata-main\1\369.jpg,1,0.99692196
G:/Sign_language_GNN/model/imagedata-main\1\37.jpg,1,0.986956
G:/Sign_language_GNN/model/imagedata-main\1\370.jpg,1,0.9969496
G:/Sign_language_GNN/model/imagedata-main\1\371.jpg,1,0.9948821
G:/Sign_language_GNN/model/imagedata-main\1\372.jpg,1,0.9956754
G:/Sign_language_GNN/model/imagedata-main\1\377.jpg,1,0.9826994
G:/Sign_language_GNN/model/imagedata-main\1\38.jpg,1,0.9941597
G:/Sign_language_GNN/model/imagedata-main\1\389.jpg,1,0.98270917
G:/Sign_language_GNN/model/imagedata-main\1\39.jpg,1,0.9746143
G:/Sign_language_GNN/model/imagedata-main\1\390.jpg,1,0.9883937
G:/Sign_language_GNN/model/imagedata-main\1\391.jpg,1,0.9890243
G:/Sign_language_GNN/model/imagedata-main\1\392.jpg,1,0.988884
G:/Sign_language_GNN/model/imagedata-main\1\393.jpg,1,0.9900253
G:/Sign_language_GNN/model/imagedata-main\1\394.jpg,1,0.9915264
G:/Sign_language_GNN/model/imagedata-main\1\395.jpg,1,0.99323
G:/Sign_language_GNN/model/imagedata-main\1\396.jpg,1,0.99393386
G:/Sign_language_GNN/model/imagedata-main\1\397.jpg,1,0.9928778
G:/Sign_language_GNN/model/imagedata-main\1\398.jpg,1,0.99214774
G:/Sign_language_GNN/model/imagedata-main\1\399.jpg,1,0.99054444
G:/Sign_language_GNN/model/imagedata-main\1\4.jpg,1,0.99605584
G:/Sign_language_GNN/model/imagedata-main\1\40.jpg,1,0.9786169
G:/Sign_language_GNN/model/imagedata-main\1\400.jpg,1,0.98831546
G:/Sign_language_GNN/model/imagedata-main\1\401.jpg,1,0.98624367
G:/Sign_language_GNN/model/imagedata-main\1\402.jpg,1,0.98430103
G:/Sign_language_GNN/model/imagedata-main\1\403.jpg,1,0.9824294
G:/Sign_language_GNN/model/imagedata-main\1\404.jpg,1,0.97934926
G:/Sign_language_GNN/model/imagedata-main\1\405.jpg,1,0.97168535
G:/Sign_language_GNN/model/imagedata-main\1\406.jpg,1,0.9941314
G:/Sign_language_GNN/model/imagedata-main\1\407.jpg,1,0.994414
G:/Sign_language_GNN/model/imagedata-main\1\408.jpg,1,0.9951998
G:/Sign_language_GNN/model/imagedata-main\1\409.jpg,1,0.9976928
G:/Sign_language_GNN/model/imagedata-main\1\41.jpg,1,0.9784192
G:/Sign_language_GNN/model/imagedata-main\1\410.jpg,1,0.99681014
G:/Sign_language_GNN/model/imagedata-main\1\411.jpg,1,0.9966196
G:/Sign_language_GNN/model/imagedata-main\1\412.jpg,1,0.9965708
G:/Sign_language_GNN/model/imagedata-main\1\413.jpg,1,0.9959585
G:/Sign_language_GNN/model/imagedata-main\1\414.jpg,1,0.9955375
G:/Sign_language_GNN/model/imagedata-main\1\415.jpg,1,0.9931317
G:/Sign_language_GNN/model/imagedata-main\1\416.jpg,1,0.9924238
G:/Sign_language_GNN/model/imagedata-main\1\417.jpg,1,0.9884221
G:/Sign_language_GNN/model/imagedata-main\1\418.jpg,1,0.9888896
G:/Sign_language_GNN/model/imagedata-main\1\419.jpg,1,0.985274
G:/Sign_language_GNN/model/imagedata-main\1\42.jpg,1,0.9578965
G:/Sign_language_GNN/model/imagedata-main\1\420.jpg,1,0.9826674
G:/Sign_language_GNN/model/imagedata-main\1\421.jpg,1,0.9811466
G:/Sign_language_GNN/model/imagedata-main\1\422.jpg,1,0.98332304
G:/Sign_language_GNN/model/imagedata-main\1\423.jpg,1,0.98187536
G:/Sign_language_GNN/model/imagedata-main\1\424.jpg,1,0.9732003
G:/Sign_language_GNN/model/imagedata-main\1\425.jpg,1,0.9742672
G:/Sign_language_GNN/model/imagedata-main\1\426.jpg,1,0.976168
G:/Sign_language_GNN/model/imagedata-main\1\43.jpg,1,0.99114275
G:/Sign_language_GNN/model/imagedata-main\1\44.jpg,1,0.9994017
G:/Sign_language_GNN/model/imagedata-main\1\440.jpg,1,0.9857459
G:/Sign_language_GNN/model/imagedata-main\1\442.jpg,1,0.98820215
G:/Sign_language_GNN/model/imagedata-main\1\443.jpg,1,0.9907809
G:/Sign_language_GNN/model/imagedata-main\1\444.jpg,1,0.9909807
G:/Sign_language_GNN/model/imagedata-main\1\445.jpg,1,0.9924218
G:/Sign_language_GNN/model/imagedata-main\1\446.jpg,1,0.99375445
G:/Sign_language_GNN/model/imagedata-main\1\447.jpg,1,0.9931156
G:/Sign_language_GNN/model/imagedata-main\1\448.jpg,1,0.99321556
G:/Sign_language_GNN/model/imagedata-main\1\449.jpg,1,0.99321556
G:/Sign_language_GNN/model/imagedata-main\1\45.jpg,1,0.99926466
G:/Sign_language_GNN/model/imagedata-main\1\450.jpg,1,0.99283946
G:/Sign_language_GNN/model/imagedata-main\1\451.jpg,1,0.993457
G:/Sign_language_GNN/model/imagedata-main\1\452.jpg,1,0.9930403
G:/Sign_language_GNN/model/imagedata-main\1\453.jpg,1,0.9854194
G:/Sign_language_GNN/model/imagedata-main\1\454.jpg,1,0.83112186
G:/Sign_language_GNN/model/imagedata-main\1\455.jpg,0,0.4027866
G:/Sign_language_GNN/model/imagedata-main\1\456.jpg,0,0.3998835
G:/Sign_language_GNN/model/imagedata-main\1\457.jpg,1,0.98329955
G:/Sign_language_GNN/model/imagedata-main\1\458.jpg,1,0.9962224
G:/Sign_language_GNN/model/imagedata-main\1\459.jpg,1,0.9960382
G:/Sign_language_GNN/model/imagedata-main\1\46.jpg,1,0.99935406
G:/Sign_language_GNN/model/imagedata-main\1\462.jpg,1,0.9960227
G:/Sign_language_GNN/model/imagedata-main\1\47.jpg,1,0.999281
G:/Sign_language_GNN/model/imagedata-main\1\476.jpg,1,0.9987093
G:/Sign_language_GNN/model/imagedata-main\1\477.jpg,1,0.99877065
G:/Sign_language_GNN/model/imagedata-main\1\478.jpg,1,0.99884725
G:/Sign_language_GNN/model/imagedata-main\1\48.jpg,1,0.99932086
G:/Sign_language_GNN/model/imagedata-main\1\49.jpg,1,0.99742633
G:/Sign_language_GNN/model/imagedata-main\1\491.jpg,1,0.99840134
G:/Sign_language_GNN/model/imagedata-main\1\492.jpg,1,0.9985856
G:/Sign_language_GNN/model/imagedata-main\1\493.jpg,1,0.99897623
G:/Sign_language_GNN/model/imagedata-main\1\494.jpg,1,0.99884087
G:/Sign_language_GNN/model/imagedata-main\1\495.jpg,1,0.9989147
G:/Sign_language_GNN/model/imagedata-main\1\499.jpg,1,0.9974038
G:/Sign_language_GNN/model/imagedata-main\1\5.jpg,1,0.99524325
G:/Sign_language_GNN/model/imagedata-main\1\50.jpg,1,0.9974254
G:/Sign_language_GNN/model/imagedata-main\1\500.jpg,1,0.9941498
G:/Sign_language_GNN/model/imagedata-main\1\501.jpg,1,0.9990671
G:/Sign_language_GNN/model/imagedata-main\1\502.jpg,1,0.9964101
G:/Sign_language_GNN/model/imagedata-main\1\503.jpg,1,0.99651223
G:/Sign_language_GNN/model/imagedata-main\1\505.jpg,1,0.9960647
G:/Sign_language_GNN/model/imagedata-main\1\507.jpg,1,0.9990534
G:/Sign_language_GNN/model/imagedata-main\1\508.jpg,1,0.999368
G:/Sign_language_GNN/model/imagedata-main\1\509.jpg,1,0.9992508
G:/Sign_language_GNN/model/imagedata-main\1\51.jpg,1,0.9975969
G:/Sign_language_GNN/model/imagedata-main\1\510.jpg,1,0.99937373
G:/Sign_language_GNN/model/imagedata-main\1\512.jpg,1,0.9992843
G:/Sign_language_GNN/model/imagedata-main\1\513.jpg,1,0.99929583
G:/Sign_language_GNN/model/imagedata-main\1\514.jpg,1,0.9993456
G:/Sign_language_GNN/model/imagedata-main\1\515.jpg,1,0.9993451
G:/Sign_language_GNN/model/imagedata-main\1\516.jpg,1,0.9986645
G:/Sign_language_GNN/model/imagedata-main\1\517.jpg,1,0.9983525
G:/Sign_language_GNN/model/imagedata-main\1\518.jpg,1,0.9980567
G:/Sign_language_GNN/model/imagedata-main\1\519.jpg,1,0.9986199
G:/Sign_language_GNN/model/imagedata-main\1\52.jpg,1,0.9985051
G:/Sign_language_GNN/model/imagedata-main\1\520.jpg,1,0.9983924
G:/Sign_language_GNN/model/imagedata-main\1\53.jpg,1,0.9993679
G:/Sign_language_GNN/model/imagedata-main\1\531.jpg,1,0.99139684
G:/Sign_language_GNN/model/imagedata-main\1\533.jpg,1,0.99530244
G:/Sign_language_GNN/model/imagedata-main\1\534.jpg,1,0.9797982
G:/Sign_language_GNN/model/imagedata-main\1\535.jpg,1,0.9780523
G:/Sign_language_GNN/model/imagedata-main\1\536.jpg,1,0.9904165
G:/Sign_language_GNN/model/imagedata-main\1\537.jpg,1,0.98966706
G:/Sign_language_GNN/model/imagedata-main\1\538.jpg,1,0.9915876
G:/Sign_language_GNN/model/imagedata-main\1\539.jpg,1,0.98277575
G:/Sign_language_GNN/model/imagedata-main\1\54.jpg,1,0.99947923
G:/Sign_language_GNN/model/imagedata-main\1\540.jpg,1,0.9889206
G:/Sign_language_GNN/model/imagedata-main\1\541.jpg,1,0.9893384
G:/Sign_language_GNN/model/imagedata-main\1\542.jpg,1,0.99205256
G:/Sign_language_GNN/model/imagedata-main\1\543.jpg,1,0.99257517
G:/Sign_language_GNN/model/imagedata-main\1\544.jpg,1,0.9920156
G:/Sign_language_GNN/model/imagedata-main\1\545.jpg,1,0.9948013
G:/Sign_language_GNN/model/imagedata-main\1\546.jpg,1,0.99541986
G:/Sign_language_GNN/model/imagedata-main\1\547.jpg,1,0.99433976
G:/Sign_language_GNN/model/imagedata-main\1\548.jpg,1,0.99460644
G:/Sign_language_GNN/model/imagedata-main\1\549.jpg,1,0.9948372
G:/Sign_language_GNN/model/imagedata-main\1\55.jpg,1,0.99954224
G:/Sign_language_GNN/model/imagedata-main\1\550.jpg,1,0.9942941
G:/Sign_language_GNN/model/imagedata-main\1\551.jpg,1,0.99563295
G:/Sign_language_GNN/model/imagedata-main\1\552.jpg,1,0.99529356
G:/Sign_language_GNN/model/imagedata-main\1\553.jpg,1,0.99514955
G:/Sign_language_GNN/model/imagedata-main\1\554.jpg,1,0.995263
G:/Sign_language_GNN/model/imagedata-main\1\555.jpg,1,0.99445915
G:/Sign_language_GNN/model/imagedata-main\1\556.jpg,1,0.9941141
G:/Sign_language_GNN/model/imagedata-main\1\557.jpg,1,0.99415106
G:/Sign_language_GNN/model/imagedata-main\1\558.jpg,1,0.99199706
G:/Sign_language_GNN/model/imagedata-main\1\559.jpg,1,0.99912494
G:/Sign_language_GNN/model/imagedata-main\1\56.jpg,1,0.9995148
G:/Sign_language_GNN/model/imagedata-main\1\560.jpg,1,0.99917334
G:/Sign_language_GNN/model/imagedata-main\1\561.jpg,1,0.9992873
G:/Sign_language_GNN/model/imagedata-main\1\562.jpg,1,0.9992192
G:/Sign_language_GNN/model/imagedata-main\1\563.jpg,1,0.999303
G:/Sign_language_GNN/model/imagedata-main\1\564.jpg,1,0.99932003
G:/Sign_language_GNN/model/imagedata-main\1\565.jpg,1,0.99939215
G:/Sign_language_GNN/model/imagedata-main\1\566.jpg,1,0.9991522
G:/Sign_language_GNN/model/imagedata-main\1\567.jpg,1,0.99927324
G:/Sign_language_GNN/model/imagedata-main\1\568.jpg,1,0.9992735
G:/Sign_language_GNN/model/imagedata-main\1\569.jpg,1,0.9993383
G:/Sign_language_GNN/model/imagedata-main\1\57.jpg,1,0.9995869
G:/Sign_language_GNN/model/imagedata-main\1\570.jpg,1,0.99928397
G:/Sign_language_GNN/model/imagedata-main\1\571.jpg,1,0.9991654
G:/Sign_language_GNN/model/imagedata-main\1\572.jpg,1,0.99935
G:/Sign_language_GNN/model/imagedata-main\1\573.jpg,1,0.9992292
G:/Sign_language_GNN/model/imagedata-main\1\574.jpg,1,0.99918205
G:/Sign_language_GNN/model/imagedata-main\1\575.jpg,1,0.99787974
G:/Sign_language_GNN/model/imagedata-main\1\58.jpg,1,0.9995278
G:/Sign_language_GNN/model/imagedata-main\1\59.jpg,1,0.99956566
G:/Sign_language_GNN/model/imagedata-main\1\596.jpg,1,0.9825137
G:/Sign_language_GNN/model/imagedata-main\1\6.jpg,1,0.9922854
G:/Sign_language_GNN/model/imagedata-main\1\60.jpg,1,0.9994929
G:/Sign_language_GNN/model/imagedata-main\1\600.jpg,1,0.9698317
G:/Sign_language_GNN/model/imagedata-main\1\601.jpg,1,0.976444
G:/Sign_language_GNN/model/imagedata-main\1\606.jpg,1,0.930768
G:/Sign_language_GNN/model/imagedata-main\1\607.jpg,1,0.9583338
G:/Sign_language_GNN/model/imagedata-main\1\608.jpg,1,0.9627546
G:/Sign_language_GNN/model/imagedata-main\1\609.jpg,1,0.97003394
G:/Sign_language_GNN/model/imagedata-main\1\61.jpg,1,0.99956006
G:/Sign_language_GNN/model/imagedata-main\1\610.jpg,1,0.9728123
G:/Sign_language_GNN/model/imagedata-main\1\613.jpg,1,0.9749459
G:/Sign_language_GNN/model/imagedata-main\1\615.jpg,1,0.9994054
G:/Sign_language_GNN/model/imagedata-main\1\616.jpg,1,0.99915457
G:/Sign_language_GNN/model/imagedata-main\1\617.jpg,1,0.99885285
G:/Sign_language_GNN/model/imagedata-main\1\618.jpg,1,0.99902296
G:/Sign_language_GNN/model/imagedata-main\1\619.jpg,1,0.99905723
G:/Sign_language_GNN/model/imagedata-main\1\62.jpg,1,0.99956304
G:/Sign_language_GNN/model/imagedata-main\1\620.jpg,1,0.99911875
G:/Sign_language_GNN/model/imagedata-main\1\621.jpg,1,0.9988961
G:/Sign_language_GNN/model/imagedata-main\1\622.jpg,1,0.99907863
G:/Sign_language_GNN/model/imagedata-main\1\623.jpg,1,0.9990964
G:/Sign_language_GNN/model/imagedata-main\1\624.jpg,1,0.9991461
G:/Sign_language_GNN/model/imagedata-main\1\625.jpg,1,0.9992373
G:/Sign_language_GNN/model/imagedata-main\1\626.jpg,1,0.99922013
G:/Sign_language_GNN/model/imagedata-main\1\627.jpg,1,0.99923563
G:/Sign_language_GNN/model/imagedata-main\1\628.jpg,1,0.9990351
G:/Sign_language_GNN/model/imagedata-main\1\629.jpg,1,0.998781
G:/Sign_language_GNN/model/imagedata-main\1\63.jpg,1,0.9993585
G:/Sign_language_GNN/model/imagedata-main\1\630.jpg,1,0.99889356
G:/Sign_language_GNN/model/imagedata-main\1\631.jpg,1,0.99893326
G:/Sign_language_GNN/model/imagedata-main\1\632.jpg,1,0.99876827
G:/Sign_language_GNN/model/imagedata-main\1\633.jpg,1,0.9987947
G:/Sign_language_GNN/model/imagedata-main\1\634.jpg,1,0.99889994
G:/Sign_language_GNN/model/imagedata-main\1\635.jpg,1,0.99929225
G:/Sign_language_GNN/model/imagedata-main\1\636.jpg,1,0.99912816
G:/Sign_language_GNN/model/imagedata-main\1\637.jpg,1,0.9993981
G:/Sign_language_GNN/model/imagedata-main\1\638.jpg,1,0.9994562
G:/Sign_language_GNN/model/imagedata-main\1\639.jpg,1,0.9991704
G:/Sign_language_GNN/model/imagedata-main\1\64.jpg,1,0.99952304
G:/Sign_language_GNN/model/imagedata-main\1\640.jpg,1,0.9994086
G:/Sign_language_GNN/model/imagedata-main\1\641.jpg,1,0.9990951
G:/Sign_language_GNN/model/imagedata-main\1\642.jpg,1,0.99933285
G:/Sign_language_GNN/model/imagedata-main\1\643.jpg,1,0.9990576
G:/Sign_language_GNN/model/imagedata-main\1\644.jpg,1,0.9992028
G:/Sign_language_GNN/model/imagedata-main\1\645.jpg,1,0.99876887
G:/Sign_language_GNN/model/imagedata-main\1\646.jpg,1,0.9986608
G:/Sign_language_GNN/model/imagedata-main\1\647.jpg,1,0.9987375
G:/Sign_language_GNN/model/imagedata-main\1\648.jpg,1,0.99840635
G:/Sign_language_GNN/model/imagedata-main\1\649.jpg,1,0.9981584
G:/Sign_language_GNN/model/imagedata-main\1\65.jpg,1,0.999466
G:/Sign_language_GNN/model/imagedata-main\1\650.jpg,1,0.99569905
G:/Sign_language_GNN/model/imagedata-main\1\651.jpg,1,0.99734527
G:/Sign_language_GNN/model/imagedata-main\1\652.jpg,1,0.99418265
G:/Sign_language_GNN/model/imagedata-main\1\653.jpg,1,0.9951526
G:/Sign_language_GNN/model/imagedata-main\1\654.jpg,1,0.9953752
G:/Sign_language_GNN/model/imagedata-main\1\655.jpg,1,0.99410963
G:/Sign_language_GNN/model/imagedata-main\1\656.jpg,1,0.99470276
G:/Sign_language_GNN/model/imagedata-main\1\657.jpg,1,0.9973636
G:/Sign_language_GNN/model/imagedata-main\1\658.jpg,1,0.998173
G:/Sign_language_GNN/model/imagedata-main\1\659.jpg,1,0.9984819
G:/Sign_language_GNN/model/imagedata-main\1\66.jpg,1,0.9994081
G:/Sign_language_GNN/model/imagedata-main\1\660.jpg,1,0.9982236
G:/Sign_language_GNN/model/imagedata-main\1\661.jpg,1,0.9985898
G:/Sign_language_GNN/model/imagedata-main\1\662.jpg,1,0.9984787
G:/Sign_language_GNN/model/imagedata-main\1\663.jpg,1,0.99862254
G:/Sign_language_GNN/model/imagedata-main\1\664.jpg,1,0.9985481
G:/Sign_language_GNN/model/imagedata-main\1\665.jpg,1,0.99825436
G:/Sign_language_GNN/model/imagedata-main\1\666.jpg,1,0.9986664
G:/Sign_language_GNN/model/imagedata-main\1\667.jpg,1,0.9990959
G:/Sign_language_GNN/model/imagedata-main\1\668.jpg,1,0.99934584
G:/Sign_language_GNN/model/imagedata-main\1\669.jpg,1,0.99915016
G:/Sign_language_GNN/model/imagedata-main\1\67.jpg,1,0.9994035
G:/Sign_language_GNN/model/imagedata-main\1\670.jpg,1,0.9991528
G:/Sign_language_GNN/model/imagedata-main\1\671.jpg,1,0.9991528
G:/Sign_language_GNN/model/imagedata-main\1\672.jpg,1,0.99881315
G:/Sign_language_GNN/model/imagedata-main\1\673.jpg,1,0.9990441
G:/Sign_language_GNN/model/imagedata-main\1\674.jpg,1,0.9979773
G:/Sign_language_GNN/model/imagedata-main\1\675.jpg,1,0.9982387
G:/Sign_language_GNN/model/imagedata-main\1\676.jpg,1,0.9983084
G:/Sign_language_GNN/model/imagedata-main\1\677.jpg,1,0.9984571
G:/Sign_language_GNN/model/imagedata-main\1\678.jpg,1,0.9990614
G:/Sign_language_GNN/model/imagedata-main\1\679.jpg,1,0.99846846
G:/Sign_language_GNN/model/imagedata-main\1\68.jpg,1,0.999527
G:/Sign_language_GNN/model/imagedata-main\1\680.jpg,1,0.998823
G:/Sign_language_GNN/model/imagedata-main\1\681.jpg,1,0.9983714
G:/Sign_language_GNN/model/imagedata-main\1\682.jpg,1,0.9986098
G:/Sign_language_GNN/model/imagedata-main\1\683.jpg,1,0.9988809
G:/Sign_language_GNN/model/imagedata-main\1\684.jpg,1,0.9990289
G:/Sign_language_GNN/model/imagedata-main\1\685.jpg,1,0.9985251
G:/Sign_language_GNN/model/imagedata-main\1\686.jpg,1,0.9980513
G:/Sign_language_GNN/model/imagedata-main\1\687.jpg,1,0.9986091
G:/Sign_language_GNN/model/imagedata-main\1\688.jpg,1,0.9978064
G:/Sign_language_GNN/model/imagedata-main\1\689.jpg,1,0.9990491
G:/Sign_language_GNN/model/imagedata-main\1\69.jpg,1,0.99914336
G:/Sign_language_GNN/model/imagedata-main\1\690.jpg,1,0.99821186
G:/Sign_language_GNN/model/imagedata-main\1\691.jpg,1,0.9983637
G:/Sign_language_GNN/model/imagedata-main\1\692.jpg,1,0.9978169
G:/Sign_language_GNN/model/imagedata-main\1\693.jpg,1,0.99872667
G:/Sign_language_GNN/model/imagedata-main\1\694.jpg,1,0.99874413
G:/Sign_language_GNN/model/imagedata-main\1\695.jpg,1,0.99794763
G:/Sign_language_GNN/model/imagedata-main\1\696.jpg,1,0.99921
G:/Sign_language_GNN/model/imagedata-main\1\697.jpg,1,0.9979888
G:/Sign_language_GNN/model/imagedata-main\1\698.jpg,1,0.9981394
G:/Sign_language_GNN/model/imagedata-main\1\699.jpg,1,0.9974355
G:/Sign_language_GNN/model/imagedata-main\1\7.jpg,1,0.98579586
G:/Sign_language_GNN/model/imagedata-main\1\70.jpg,1,0.9992865
G:/Sign_language_GNN/model/imagedata-main\1\700.jpg,1,0.998423
G:/Sign_language_GNN/model/imagedata-main\1\701.jpg,1,0.9982346
G:/Sign_language_GNN/model/imagedata-main\1\702.jpg,1,0.9980963
G:/Sign_language_GNN/model/imagedata-main\1\703.jpg,1,0.9733844
G:/Sign_language_GNN/model/imagedata-main\1\704.jpg,1,0.8201833
G:/Sign_language_GNN/model/imagedata-main\1\705.jpg,1,0.800706
G:/Sign_language_GNN/model/imagedata-main\1\706.jpg,1,0.8613268
G:/Sign_language_GNN/model/imagedata-main\1\707.jpg,1,0.84232384
G:/Sign_language_GNN/model/imagedata-main\1\708.jpg,1,0.9146433
G:/Sign_language_GNN/model/imagedata-main\1\709.jpg,1,0.9420899
G:/Sign_language_GNN/model/imagedata-main\1\71.jpg,1,0.9993753
G:/Sign_language_GNN/model/imagedata-main\1\710.jpg,1,0.9183086
G:/Sign_language_GNN/model/imagedata-main\1\711.jpg,1,0.93315387
G:/Sign_language_GNN/model/imagedata-main\1\712.jpg,1,0.94674075
G:/Sign_language_GNN/model/imagedata-main\1\713.jpg,1,0.9574208
G:/Sign_language_GNN/model/imagedata-main\1\714.jpg,1,0.96155655
G:/Sign_language_GNN/model/imagedata-main\1\715.jpg,1,0.95901877
G:/Sign_language_GNN/model/imagedata-main\1\716.jpg,1,0.9644366
G:/Sign_language_GNN/model/imagedata-main\1\717.jpg,1,0.9719739
G:/Sign_language_GNN/model/imagedata-main\1\718.jpg,1,0.9682399
G:/Sign_language_GNN/model/imagedata-main\1\719.jpg,1,0.97415394
G:/Sign_language_GNN/model/imagedata-main\1\72.jpg,1,0.99948263
G:/Sign_language_GNN/model/imagedata-main\1\720.jpg,1,0.9821009
G:/Sign_language_GNN/model/imagedata-main\1\721.jpg,1,0.98222566
G:/Sign_language_GNN/model/imagedata-main\1\722.jpg,1,0.98107946
G:/Sign_language_GNN/model/imagedata-main\1\723.jpg,1,0.9831434
G:/Sign_language_GNN/model/imagedata-main\1\724.jpg,1,0.97963643
G:/Sign_language_GNN/model/imagedata-main\1\725.jpg,1,0.98178643
G:/Sign_language_GNN/model/imagedata-main\1\726.jpg,1,0.98077637
G:/Sign_language_GNN/model/imagedata-main\1\727.jpg,1,0.9835985
G:/Sign_language_GNN/model/imagedata-main\1\728.jpg,1,0.9810004
G:/Sign_language_GNN/model/imagedata-main\1\729.jpg,1,0.98341864
G:/Sign_language_GNN/model/imagedata-main\1\73.jpg,1,0.9995491
G:/Sign_language_GNN/model/imagedata-main\1\730.jpg,1,0.97474617
G:/Sign_language_GNN/model/imagedata-main\1\731.jpg,1,0.9772943
G:/Sign_language_GNN/model/imagedata-main\1\732.jpg,1,0.9811677
G:/Sign_language_GNN/model/imagedata-main\1\733.jpg,1,0.9801979
G:/Sign_language_GNN/model/imagedata-main\1\734.jpg,1,0.9806928
G:/Sign_language_GNN/model/imagedata-main\1\735.jpg,1,0.9757002
G:/Sign_language_GNN/model/imagedata-main\1\736.jpg,1,0.97948873
G:/Sign_language_GNN/model/imagedata-main\1\737.jpg,1,0.97690946
G:/Sign_language_GNN/model/imagedata-main\1\738.jpg,1,0.9757102
G:/Sign_language_GNN/model/imagedata-main\1\739.jpg,1,0.9804607
G:/Sign_language_GNN/model/imagedata-main\1\74.jpg,1,0.9989316
G:/Sign_language_GNN/model/imagedata-main\1\740.jpg,1,0.9716456
G:/Sign_language_GNN/model/imagedata-main\1\741.jpg,1,0.98006976
G:/Sign_language_GNN/model/imagedata-main\1\742.jpg,1,0.98283744
G:/Sign_language_GNN/model/imagedata-main\1\743.jpg,1,0.97829026
G:/Sign_language_GNN/model/imagedata-main\1\744.jpg,1,0.97791207
G:/Sign_language_GNN/model/imagedata-main\1\745.jpg,1,0.9774239
G:/Sign_language_GNN/model/imagedata-main\1\746.jpg,1,0.9792594
G:/Sign_language_GNN/model/imagedata-main\1\747.jpg,1,0.9482409
G:/Sign_language_GNN/model/imagedata-main\1\748.jpg,1,0.9534989
G:/Sign_language_GNN/model/imagedata-main\1\749.jpg,1,0.94685054
G:/Sign_language_GNN/model/imagedata-main\1\75.jpg,1,0.9994918
G:/Sign_language_GNN/model/imagedata-main\1\750.jpg,1,0.9234341
G:/Sign_language_GNN/model/imagedata-main\1\751.jpg,1,0.9302606
G:/Sign_language_GNN/model/imagedata-main\1\752.jpg,1,0.95816606
G:/Sign_language_GNN/model/imagedata-main\1\753.jpg,1,0.9739372
G:/Sign_language_GNN/model/imagedata-main\1\754.jpg,1,0.96977454
G:/Sign_language_GNN/model/imagedata-main\1\755.jpg,1,0.9588185
G:/Sign_language_GNN/model/imagedata-main\1\756.jpg,1,0.945729
G:/Sign_language_GNN/model/imagedata-main\1\757.jpg,1,0.96275705
G:/Sign_language_GNN/model/imagedata-main\1\758.jpg,1,0.96807677
G:/Sign_language_GNN/model/imagedata-main\1\759.jpg,1,0.96380764
G:/Sign_language_GNN/model/imagedata-main\1\76.jpg,1,0.99937785
G:/Sign_language_GNN/model/imagedata-main\1\760.jpg,1,0.97785234
G:/Sign_language_GNN/model/imagedata-main\1\761.jpg,1,0.9651155
G:/Sign_language_GNN/model/imagedata-main\1\762.jpg,1,0.96308786
G:/Sign_language_GNN/model/imagedata-main\1\763.jpg,1,0.96553904
G:/Sign_language_GNN/model/imagedata-main\1\764.jpg,1,0.9677742
G:/Sign_language_GNN/model/imagedata-main\1\765.jpg,1,0.9667537
G:/Sign_language_GNN/model/imagedata-main\1\766.jpg,1,0.96942544
G:/Sign_language_GNN/model/imagedata-main\1\767.jpg,1,0.9663876
G:/Sign_language_GNN/model/imagedata-main\1\768.jpg,1,0.9687146
G:/Sign_language_GNN/model/imagedata-main\1\769.jpg,1,0.96599346
G:/Sign_language_GNN/model/imagedata-main\1\77.jpg,1,0.99907744
G:/Sign_language_GNN/model/imagedata-main\1\770.jpg,1,0.9703425
G:/Sign_language_GNN/model/imagedata-main\1\771.jpg,1,0.96042275
G:/Sign_language_GNN/model/imagedata-main\1\773.jpg,1,0.94050896
G:/Sign_language_GNN/model/imagedata-main\1\774.jpg,1,0.9447957
G:/Sign_language_GNN/model/imagedata-main\1\775.jpg,1,0.95312756
G:/Sign_language_GNN/model/imagedata-main\1\78.jpg,1,0.95464694
G:/Sign_language_GNN/model/imagedata-main\1\79.jpg,1,0.8498125
G:/Sign_language_GNN/model/imagedata-main\1\8.jpg,1,0.9819608
G:/Sign_language_GNN/model/imagedata-main\1\80.jpg,1,0.88982534
G:/Sign_language_GNN/model/imagedata-main\1\81.jpg,1,0.8963207
G:/Sign_language_GNN/model/imagedata-main\1\814.jpg,1,0.88962466
G:/Sign_language_GNN/model/imagedata-main\1\815.jpg,1,0.9556598
G:/Sign_language_GNN/model/imagedata-main\1\816.jpg,1,0.949865
G:/Sign_language_GNN/model/imagedata-main\1\817.jpg,1,0.97275496
G:/Sign_language_GNN/model/imagedata-main\1\818.jpg,1,0.94884354
G:/Sign_language_GNN/model/imagedata-main\1\819.jpg,1,0.96520174
G:/Sign_language_GNN/model/imagedata-main\1\82.jpg,1,0.91113496
G:/Sign_language_GNN/model/imagedata-main\1\820.jpg,1,0.95119613
G:/Sign_language_GNN/model/imagedata-main\1\821.jpg,1,0.9537048
G:/Sign_language_GNN/model/imagedata-main\1\822.jpg,1,0.95336217
G:/Sign_language_GNN/model/imagedata-main\1\823.jpg,1,0.9433088
G:/Sign_language_GNN/model/imagedata-main\1\824.jpg,1,0.95496875
G:/Sign_language_GNN/model/imagedata-main\1\825.jpg,1,0.9634788
G:/Sign_language_GNN/model/imagedata-main\1\826.jpg,1,0.9495254
G:/Sign_language_GNN/model/imagedata-main\1\827.jpg,1,0.96914434
G:/Sign_language_GNN/model/imagedata-main\1\828.jpg,1,0.9565497
G:/Sign_language_GNN/model/imagedata-main\1\829.jpg,1,0.9340751
G:/Sign_language_GNN/model/imagedata-main\1\83.jpg,1,0.83830106
G:/Sign_language_GNN/model/imagedata-main\1\830.jpg,1,0.93106085
G:/Sign_language_GNN/model/imagedata-main\1\831.jpg,1,0.9296205
G:/Sign_language_GNN/model/imagedata-main\1\832.jpg,1,0.99960726
G:/Sign_language_GNN/model/imagedata-main\1\833.jpg,1,0.9941566
G:/Sign_language_GNN/model/imagedata-main\1\834.jpg,1,0.99354583
G:/Sign_language_GNN/model/imagedata-main\1\835.jpg,1,0.99429274
G:/Sign_language_GNN/model/imagedata-main\1\836.jpg,1,0.9962895
G:/Sign_language_GNN/model/imagedata-main\1\837.jpg,1,0.99731004
G:/Sign_language_GNN/model/imagedata-main\1\838.jpg,1,0.9975048
G:/Sign_language_GNN/model/imagedata-main\1\839.jpg,1,0.99504626
G:/Sign_language_GNN/model/imagedata-main\1\84.jpg,1,0.8924261
G:/Sign_language_GNN/model/imagedata-main\1\840.jpg,1,0.9964162
G:/Sign_language_GNN/model/imagedata-main\1\841.jpg,1,0.9972811
G:/Sign_language_GNN/model/imagedata-main\1\842.jpg,1,0.9958379
G:/Sign_language_GNN/model/imagedata-main\1\843.jpg,1,0.9961857
G:/Sign_language_GNN/model/imagedata-main\1\844.jpg,1,0.9949529
G:/Sign_language_GNN/model/imagedata-main\1\845.jpg,1,0.99600476
G:/Sign_language_GNN/model/imagedata-main\1\846.jpg,1,0.99559826
G:/Sign_language_GNN/model/imagedata-main\1\847.jpg,1,0.9969363
G:/Sign_language_GNN/model/imagedata-main\1\848.jpg,1,0.9965743
G:/Sign_language_GNN/model/imagedata-main\1\849.jpg,1,0.99748766
G:/Sign_language_GNN/model/imagedata-main\1\85.jpg,1,0.8906406
G:/Sign_language_GNN/model/imagedata-main\1\850.jpg,1,0.9969561
G:/Sign_language_GNN/model/imagedata-main\1\851.jpg,1,0.99675035
G:/Sign_language_GNN/model/imagedata-main\1\852.jpg,1,0.9974251
G:/Sign_language_GNN/model/imagedata-main\1\853.jpg,1,0.9977944
G:/Sign_language_GNN/model/imagedata-main\1\854.jpg,1,0.997471
G:/Sign_language_GNN/model/imagedata-main\1\855.jpg,1,0.997681
G:/Sign_language_GNN/model/imagedata-main\1\856.jpg,1,0.99788195
G:/Sign_language_GNN/model/imagedata-main\1\857.jpg,1,0.99728346
G:/Sign_language_GNN/model/imagedata-main\1\858.jpg,1,0.9966281
G:/Sign_language_GNN/model/imagedata-main\1\859.jpg,1,0.9959609
G:/Sign_language_GNN/model/imagedata-main\1\86.jpg,1,0.8673773
G:/Sign_language_GNN/model/imagedata-main\1\860.jpg,1,0.996555
G:/Sign_language_GNN/model/imagedata-main\1\861.jpg,1,0.998094
G:/Sign_language_GNN/model/imagedata-main\1\862.jpg,1,0.9984871
G:/Sign_language_GNN/model/imagedata-main\1\863.jpg,1,0.9985857
G:/Sign_language_GNN/model/imagedata-main\1\864.jpg,1,0.9985734
G:/Sign_language_GNN/model/imagedata-main\1\865.jpg,1,0.99901295
G:/Sign_language_GNN/model/imagedata-main\1\866.jpg,1,0.99845207
G:/Sign_language_GNN/model/imagedata-main\1\867.jpg,1,0.9989109
G:/Sign_language_GNN/model/imagedata-main\1\868.jpg,1,0.9985202
G:/Sign_language_GNN/model/imagedata-main\1\869.jpg,1,0.9988901
G:/Sign_language_GNN/model/imagedata-main\1\870.jpg,1,0.99871814
G:/Sign_language_GNN/model/imagedata-main\1\871.jpg,1,0.99894935
G:/Sign_language_GNN/model/imagedata-main\1\872.jpg,1,0.9986488
G:/Sign_language_GNN/model/imagedata-main\1\873.jpg,1,0.99872965
G:/Sign_language_GNN/model/imagedata-main\1\874.jpg,1,0.9978442
G:/Sign_language_GNN/model/imagedata-main\1\875.jpg,1,0.9979188
G:/Sign_language_GNN/model/imagedata-main\1\876.jpg,1,0.99774593
G:/Sign_language_GNN/model/imagedata-main\1\877.jpg,1,0.99760085
G:/Sign_language_GNN/model/imagedata-main\1\878.jpg,1,0.99841475
G:/Sign_language_GNN/model/imagedata-main\1\879.jpg,1,0.99815637
G:/Sign_language_GNN/model/imagedata-main\1\880.jpg,1,0.96863973
G:/Sign_language_GNN/model/imagedata-main\1\881.jpg,1,0.9968323
G:/Sign_language_GNN/model/imagedata-main\1\882.jpg,1,0.9997247
G:/Sign_language_GNN/model/imagedata-main\1\883.jpg,1,0.99967015
G:/Sign_language_GNN/model/imagedata-main\1\884.jpg,1,0.9996486
G:/Sign_language_GNN/model/imagedata-main\1\885.jpg,1,0.9995185
G:/Sign_language_GNN/model/imagedata-main\1\886.jpg,1,0.99903995
G:/Sign_language_GNN/model/imagedata-main\1\887.jpg,1,0.99841404
G:/Sign_language_GNN/model/imagedata-main\1\888.jpg,1,0.99610656
G:/Sign_language_GNN/model/imagedata-main\1\89.jpg,1,0.8949674
G:/Sign_language_GNN/model/imagedata-main\1\893.jpg,1,0.9965533
G:/Sign_language_GNN/model/imagedata-main\1\894.jpg,1,0.99820244
G:/Sign_language_GNN/model/imagedata-main\1\895.jpg,1,0.9990338
G:/Sign_language_GNN/model/imagedata-main\1\896.jpg,1,0.99916995
G:/Sign_language_GNN/model/imagedata-main\1\897.jpg,1,0.9992574
G:/Sign_language_GNN/model/imagedata-main\1\898.jpg,1,0.9991146
G:/Sign_language_GNN/model/imagedata-main\1\899.jpg,1,0.9992034
G:/Sign_language_GNN/model/imagedata-main\1\9.jpg,1,0.9869444
G:/Sign_language_GNN/model/imagedata-main\1\900.jpg,1,0.99914646
G:/Sign_language_GNN/model/imagedata-main\1\901.jpg,1,0.9991997
G:/Sign_language_GNN/model/imagedata-main\1\902.jpg,1,0.9991959
G:/Sign_language_GNN/model/imagedata-main\1\903.jpg,1,0.99904317
G:/Sign_language_GNN/model/imagedata-main\1\904.jpg,1,0.99852103
G:/Sign_language_GNN/model/imagedata-main\1\905.jpg,1,0.9978023
G:/Sign_language_GNN/model/imagedata-main\1\906.jpg,1,0.98175645
G:/Sign_language_GNN/model/imagedata-main\1\907.jpg,1,0.9988619
G:/Sign_language_GNN/model/imagedata-main\1\908.jpg,1,0.9985605
G:/Sign_language_GNN/model/imagedata-main\1\909.jpg,1,0.99852234
G:/Sign_language_GNN/model/imagedata-main\1\910.jpg,1,0.9977986
G:/Sign_language_GNN/model/imagedata-main\1\911.jpg,1,0.9986773
G:/Sign_language_GNN/model/imagedata-main\1\912.jpg,1,0.99928004
G:/Sign_language_GNN/model/imagedata-main\1\913.jpg,1,0.99939716
G:/Sign_language_GNN/model/imagedata-main\1\914.jpg,1,0.9995776
G:/Sign_language_GNN/model/imagedata-main\1\915.jpg,1,0.99978775
G:/Sign_language_GNN/model/imagedata-main\1\916.jpg,1,0.99933594
G:/Sign_language_GNN/model/imagedata-main\1\917.jpg,1,0.99972445
G:/Sign_language_GNN/model/imagedata-main\1\918.jpg,1,0.9998104
G:/Sign_language_GNN/model/imagedata-main\1\919.jpg,1,0.99985456
G:/Sign_language_GNN/model/imagedata-main\1\92.jpg,1,0.9410674
G:/Sign_language_GNN/model/imagedata-main\1\920.jpg,1,0.9998542
G:/Sign_language_GNN/model/imagedata-main\1\921.jpg,1,0.999856
G:/Sign_language_GNN/model/imagedata-main\1\922.jpg,1,0.9998505
G:/Sign_language_GNN/model/imagedata-main\1\923.jpg,1,0.9998301
G:/Sign_language_GNN/model/imagedata-main\1\924.jpg,1,0.9998324
G:/Sign_language_GNN/model/imagedata-main\1\925.jpg,1,0.99972373
G:/Sign_language_GNN/model/imagedata-main\1\926.jpg,1,0.9996828
G:/Sign_language_GNN/model/imagedata-main\1\927.jpg,1,0.9997998
G:/Sign_language_GNN/model/imagedata-main\1\928.jpg,1,0.99980015
G:/Sign_language_GNN/model/imagedata-main\1\929.jpg,1,0.99971086
G:/Sign_language_GNN/model/imagedata-main\1\930.jpg,1,0.99967337
G:/Sign_language_GNN/model/imagedata-main\1\931.jpg,1,0.9995653
G:/Sign_language_GNN/model/imagedata-main\1\932.jpg,1,0.99917066
G:/Sign_language_GNN/model/imagedata-main\1\933.jpg,1,0.9992754
G:/Sign_language_GNN/model/imagedata-main\1\934.jpg,1,0.9989121
G:/Sign_language_GNN/model/imagedata-main\1\935.jpg,1,0.99878365
G:/Sign_language_GNN/model/imagedata-main\1\936.jpg,1,0.9986798
G:/Sign_language_GNN/model/imagedata-main\1\937.jpg,1,0.999185
G:/Sign_language_GNN/model/imagedata-main\1\938.jpg,1,0.99917066
G:/Sign_language_GNN/model/imagedata-main\1\939.jpg,1,0.9983222
G:/Sign_language_GNN/model/imagedata-main\1\940.jpg,1,0.9966305
G:/Sign_language_GNN/model/imagedata-main\1\941.jpg,1,0.99622846
G:/Sign_language_GNN/model/imagedata-main\1\942.jpg,1,0.99602354
G:/Sign_language_GNN/model/imagedata-main\1\943.jpg,1,0.99428105
G:/Sign_language_GNN/model/imagedata-main\1\944.jpg,1,0.99714845
G:/Sign_language_GNN/model/imagedata-main\1\945.jpg,1,0.99714845
G:/Sign_language_GNN/model/imagedata-main\1\946.jpg,1,0.99658316
G:/Sign_language_GNN/model/imagedata-main\1\947.jpg,1,0.9962627
G:/Sign_language_GNN/model/imagedata-main\1\948.jpg,1,0.9953809
G:/Sign_language_GNN/model/imagedata-main\1\949.jpg,1,0.9939043
G:/Sign_language_GNN/model/imagedata-main\1\950.jpg,1,0.99210256
G:/Sign_language_GNN/model/imagedata-main\1\951.jpg,1,0.9809459
G:/Sign_language_GNN/model/imagedata-main\1\952.jpg,1,0.9787032
G:/Sign_language_GNN/model/imagedata-main\1\953.jpg,1,0.9709774
G:/Sign_language_GNN/model/imagedata-main\1\954.jpg,1,0.9252233
G:/Sign_language_GNN/model/imagedata-main\1\955.jpg,1,0.8956359
G:/Sign_language_GNN/model/imagedata-main\1\956.jpg,1,0.8653118
G:/Sign_language_GNN/model/imagedata-main\1\957.jpg,1,0.86575836
G:/Sign_language_GNN/model/imagedata-main\1\958.jpg,1,0.86082447
G:/Sign_language_GNN/model/imagedata-main\1\959.jpg,1,0.828819
G:/Sign_language_GNN/model/imagedata-main\1\960.jpg,1,0.8955155
G:/Sign_language_GNN/model/imagedata-main\1\961.jpg,1,0.9420493
G:/Sign_language_GNN/model/imagedata-main\1\962.jpg,1,0.9849058
G:/Sign_language_GNN/model/imagedata-main\1\963.jpg,1,0.9892841
G:/Sign_language_GNN/model/imagedata-main\1\964.jpg,1,0.9923333
G:/Sign_language_GNN/model/imagedata-main\1\965.jpg,1,0.9939029
G:/Sign_language_GNN/model/imagedata-main\1\966.jpg,1,0.98619926
G:/Sign_language_GNN/model/imagedata-main\1\967.jpg,1,0.82914823
G:/Sign_language_GNN/model/imagedata-main\1\968.jpg,1,0.99817693
G:/Sign_language_GNN/model/imagedata-main\1\969.jpg,1,0.9983286
G:/Sign_language_GNN/model/imagedata-main\1\97.jpg,1,0.9499578
G:/Sign_language_GNN/model/imagedata-main\1\970.jpg,1,0.9982363
G:/Sign_language_GNN/model/imagedata-main\1\971.jpg,1,0.9992581
G:/Sign_language_GNN/model/imagedata-main\1\972.jpg,1,0.9975605
G:/Sign_language_GNN/model/imagedata-main\1\973.jpg,1,0.99497354
G:/Sign_language_GNN/model/imagedata-main\1\974.jpg,1,0.99644333
G:/Sign_language_GNN/model/imagedata-main\1\975.jpg,1,0.9970175
G:/Sign_language_GNN/model/imagedata-main\1\976.jpg,1,0.99729663
G:/Sign_language_GNN/model/imagedata-main\1\977.jpg,1,0.9970099
G:/Sign_language_GNN/model/imagedata-main\1\978.jpg,1,0.99577075
G:/Sign_language_GNN/model/imagedata-main\1\979.jpg,1,0.99790925
G:/Sign_language_GNN/model/imagedata-main\1\98.jpg,1,0.9390071
G:/Sign_language_GNN/model/imagedata-main\1\980.jpg,1,0.9972542
G:/Sign_language_GNN/model/imagedata-main\1\981.jpg,1,0.99776244
G:/Sign_language_GNN/model/imagedata-main\1\982.jpg,1,0.9934768
G:/Sign_language_GNN/model/imagedata-main\1\983.jpg,1,0.9960794
G:/Sign_language_GNN/model/imagedata-main\1\986.jpg,1,0.98982435
G:/Sign_language_GNN/model/imagedata-main\1\987.jpg,1,0.9873138
G:/Sign_language_GNN/model/imagedata-main\1\99.jpg,1,0.94703233
G:/Sign_language_GNN/model/imagedata-main\1\990.jpg,1,0.99504787
G:/Sign_language_GNN/model/imagedata-main\1\991.jpg,1,0.99529606
G:/Sign_language_GNN/model/imagedata-main\1\992.jpg,1,0.99363965
G:/Sign_language_GNN/model/imagedata-main\1\993.jpg,1,0.9856883
G:/Sign_language_GNN/model/imagedata-main\1\998.jpg,1,0.9944561
G:/Sign_language_GNN/model/imagedata-main\1\999.jpg,1,0.9971424
G:/Sign_language_GNN/model/imagedata-main\2\0.jpg,2,0.9769586
G:/Sign_language_GNN/model/imagedata-main\2\1.jpg,2,0.9534101
G:/Sign_language_GNN/model/imagedata-main\2\10.jpg,2,0.9676395
G:/Sign_language_GNN/model/imagedata-main\2\100.jpg,2,0.9640591
G:/Sign_language_GNN/model/imagedata-main\2\1000.jpg,2,0.96475387
G:/Sign_language_GNN/model/imagedata-main\2\1001.jpg,2,0.9667758
G:/Sign_language_GNN/model/imagedata-main\2\1002.jpg,2,0.9638777
G:/Sign_language_GNN/model/imagedata-main\2\1003.jpg,2,0.9669904
G:/Sign_language_GNN/model/imagedata-main\2\1004.jpg,2,0.96612865
G:/Sign_language_GNN/model/imagedata-main\2\1005.jpg,2,0.96590483
G:/Sign_language_GNN/model/imagedata-main\2\1006.jpg,2,0.96770924
G:/Sign_language_GNN/model/imagedata-main\2\1007.jpg,2,0.9707626
G:/Sign_language_GNN/model/imagedata-main\2\1008.jpg,2,0.9726786
G:/Sign_language_GNN/model/imagedata-main\2\1009.jpg,2,0.98541206
G:/Sign_language_GNN/model/imagedata-main\2\101.jpg,2,0.96601903
G:/Sign_language_GNN/model/imagedata-main\2\1010.jpg,2,0.9860195
G:/Sign_language_GNN/model/imagedata-main\2\1011.jpg,2,0.98261845
G:/Sign_language_GNN/model/imagedata-main\2\1012.jpg,2,0.9797855
G:/Sign_language_GNN/model/imagedata-main\2\1013.jpg,2,0.97946715
G:/Sign_language_GNN/model/imagedata-main\2\1014.jpg,2,0.983526
G:/Sign_language_GNN/model/imagedata-main\2\1015.jpg,2,0.9912962
G:/Sign_language_GNN/model/imagedata-main\2\1016.jpg,2,0.98115474
G:/Sign_language_GNN/model/imagedata-main\2\1017.jpg,2,0.97955483
G:/Sign_language_GNN/model/imagedata-main\2\1018.jpg,2,0.98734415
G:/Sign_language_GNN/model/imagedata-main\2\1019.jpg,2,0.98743105
G:/Sign_language_GNN/model/imagedata-main\2\102.jpg,2,0.970333
G:/Sign_language_GNN/model/imagedata-main\2\1020.jpg,2,0.98909867
G:/Sign_language_GNN/model/imagedata-main\2\1021.jpg,2,0.9889075
G:/Sign_language_GNN/model/imagedata-main\2\1022.jpg,2,0.9868492
G:/Sign_language_GNN/model/imagedata-main\2\1023.jpg,2,0.98533165
G:/Sign_language_GNN/model/imagedata-main\2\1024.jpg,2,0.98453355
G:/Sign_language_GNN/model/imagedata-main\2\1025.jpg,2,0.97871107
G:/Sign_language_GNN/model/imagedata-main\2\1026.jpg,2,0.98275906
G:/Sign_language_GNN/model/imagedata-main\2\1027.jpg,2,0.980139
G:/Sign_language_GNN/model/imagedata-main\2\1028.jpg,2,0.9753778
G:/Sign_language_GNN/model/imagedata-main\2\1029.jpg,2,0.9770056
G:/Sign_language_GNN/model/imagedata-main\2\103.jpg,2,0.97188663
G:/Sign_language_GNN/model/imagedata-main\2\1030.jpg,2,0.9762574
G:/Sign_language_GNN/model/imagedata-main\2\1031.jpg,2,0.9656763
G:/Sign_language_GNN/model/imagedata-main\2\1032.jpg,2,0.9677627
G:/Sign_language_GNN/model/imagedata-main\2\1033.jpg,2,0.9823369
G:/Sign_language_GNN/model/imagedata-main\2\1034.jpg,2,0.98370206
G:/Sign_language_GNN/model/imagedata-main\2\1035.jpg,2,0.98294973
G:/Sign_language_GNN/model/imagedata-main\2\1036.jpg,2,0.96060103
G:/Sign_language_GNN/model/imagedata-main\2\1037.jpg,2,0.951305
G:/Sign_language_GNN/model/imagedata-main\2\1038.jpg,2,0.95754683
G:/Sign_language_GNN/model/imagedata-main\2\1039.jpg,2,0.95460296
G:/Sign_language_GNN/model/imagedata-main\2\104.jpg,2,0.9711113
G:/Sign_language_GNN/model/imagedata-main\2\1040.jpg,2,0.959424
G:/Sign_language_GNN/model/imagedata-main\2\1041.jpg,2,0.960796
G:/Sign_language_GNN/model/imagedata-main\2\1042.jpg,2,0.96200496
G:/Sign_language_GNN/model/imagedata-main\2\1043.jpg,2,0.9687742
G:/Sign_language_GNN/model/imagedata-main\2\1044.jpg,2,0.9680214
G:/Sign_language_GNN/model/imagedata-main\2\1045.jpg,2,0.9687563
G:/Sign_language_GNN/model/imagedata-main\2\1046.jpg,2,0.9699957
G:/Sign_language_GNN/model/imagedata-main\2\1047.jpg,2,0.96974033
G:/Sign_language_GNN/model/imagedata-main\2\1048.jpg,2,0.97037137
G:/Sign_language_GNN/model/imagedata-main\2\1049.jpg,2,0.96907234
G:/Sign_language_GNN/model/imagedata-main\2\105.jpg,2,0.9743156
G:/Sign_language_GNN/model/imagedata-main\2\1050.jpg,2,0.9680607
G:/Sign_language_GNN/model/imagedata-main\2\1051.jpg,2,0.96908724
G:/Sign_language_GNN/model/imagedata-main\2\1052.jpg,2,0.96832174
G:/Sign_language_GNN/model/imagedata-main\2\1053.jpg,2,0.9665471
G:/Sign_language_GNN/model/imagedata-main\2\1054.jpg,2,0.9666286
G:/Sign_language_GNN/model/imagedata-main\2\1055.jpg,2,0.968593
G:/Sign_language_GNN/model/imagedata-main\2\1056.jpg,2,0.9726192
G:/Sign_language_GNN/model/imagedata-main\2\1057.jpg,2,0.9123843
G:/Sign_language_GNN/model/imagedata-main\2\1058.jpg,2,0.91324437
G:/Sign_language_GNN/model/imagedata-main\2\1059.jpg,2,0.9223688
G:/Sign_language_GNN/model/imagedata-main\2\106.jpg,2,0.97555715
G:/Sign_language_GNN/model/imagedata-main\2\1060.jpg,2,0.9232557
G:/Sign_language_GNN/model/imagedata-main\2\1061.jpg,2,0.97139907
G:/Sign_language_GNN/model/imagedata-main\2\1062.jpg,2,0.9695127
G:/Sign_language_GNN/model/imagedata-main\2\1063.jpg,2,0.97012556
G:/Sign_language_GNN/model/imagedata-main\2\1064.jpg,2,0.9696386
G:/Sign_language_GNN/model/imagedata-main\2\1065.jpg,2,0.96970737
G:/Sign_language_GNN/model/imagedata-main\2\1066.jpg,2,0.96863
G:/Sign_language_GNN/model/imagedata-main\2\1067.jpg,2,0.97095346
G:/Sign_language_GNN/model/imagedata-main\2\1068.jpg,2,0.9701185
G:/Sign_language_GNN/model/imagedata-main\2\1069.jpg,2,0.9733021
G:/Sign_language_GNN/model/imagedata-main\2\107.jpg,2,0.97520906
G:/Sign_language_GNN/model/imagedata-main\2\1070.jpg,2,0.9709915
G:/Sign_language_GNN/model/imagedata-main\2\1071.jpg,2,0.9666468
G:/Sign_language_GNN/model/imagedata-main\2\1073.jpg,2,0.9815756
G:/Sign_language_GNN/model/imagedata-main\2\1074.jpg,2,0.9930951
G:/Sign_language_GNN/model/imagedata-main\2\1077.jpg,2,0.9883873
G:/Sign_language_GNN/model/imagedata-main\2\1078.jpg,2,0.9870794
G:/Sign_language_GNN/model/imagedata-main\2\1079.jpg,2,0.93635106
G:/Sign_language_GNN/model/imagedata-main\2\108.jpg,2,0.9764846
G:/Sign_language_GNN/model/imagedata-main\2\1080.jpg,2,0.9581141
G:/Sign_language_GNN/model/imagedata-main\2\1081.jpg,2,0.98034644
G:/Sign_language_GNN/model/imagedata-main\2\1082.jpg,2,0.9878364
G:/Sign_language_GNN/model/imagedata-main\2\1083.jpg,2,0.98265165
G:/Sign_language_GNN/model/imagedata-main\2\1084.jpg,2,0.98230815
G:/Sign_language_GNN/model/imagedata-main\2\1085.jpg,2,0.98399276
G:/Sign_language_GNN/model/imagedata-main\2\1086.jpg,2,0.98504573
G:/Sign_language_GNN/model/imagedata-main\2\1087.jpg,2,0.98154324
G:/Sign_language_GNN/model/imagedata-main\2\1088.jpg,2,0.98139626
G:/Sign_language_GNN/model/imagedata-main\2\1089.jpg,2,0.97957385
G:/Sign_language_GNN/model/imagedata-main\2\109.jpg,2,0.97864896
G:/Sign_language_GNN/model/imagedata-main\2\1090.jpg,2,0.98665696
G:/Sign_language_GNN/model/imagedata-main\2\1091.jpg,2,0.9854197
G:/Sign_language_GNN/model/imagedata-main\2\1092.jpg,2,0.9801853
G:/Sign_language_GNN/model/imagedata-main\2\1093.jpg,2,0.9839574
G:/Sign_language_GNN/model/imagedata-main\2\1094.jpg,2,0.9737725
G:/Sign_language_GNN/model/imagedata-main\2\1096.jpg,2,0.9597198
G:/Sign_language_GNN/model/imagedata-main\2\1097.jpg,2,0.9612032
G:/Sign_language_GNN/model/imagedata-main\2\1098.jpg,2,0.9945966
G:/Sign_language_GNN/model/imagedata-main\2\1099.jpg,2,0.9935695
G:/Sign_language_GNN/model/imagedata-main\2\11.jpg,2,0.96824694
G:/Sign_language_GNN/model/imagedata-main\2\110.jpg,2,0.97593427
G:/Sign_language_GNN/model/imagedata-main\2\1100.jpg,2,0.99363565
G:/Sign_language_GNN/model/imagedata-main\2\1101.jpg,2,0.99380684
G:/Sign_language_GNN/model/imagedata-main\2\1102.jpg,2,0.994124
G:/Sign_language_GNN/model/imagedata-main\2\1103.jpg,2,0.99372137
G:/Sign_language_GNN/model/imagedata-main\2\1104.jpg,2,0.9933248
G:/Sign_language_GNN/model/imagedata-main\2\1105.jpg,2,0.9938427
G:/Sign_language_GNN/model/imagedata-main\2\1106.jpg,2,0.99257034
G:/Sign_language_GNN/model/imagedata-main\2\1107.jpg,2,0.9937319
G:/Sign_language_GNN/model/imagedata-main\2\1108.jpg,2,0.99439806
G:/Sign_language_GNN/model/imagedata-main\2\1109.jpg,2,0.9943685
G:/Sign_language_GNN/model/imagedata-main\2\111.jpg,2,0.9784858
G:/Sign_language_GNN/model/imagedata-main\2\1110.jpg,2,0.99380326
G:/Sign_language_GNN/model/imagedata-main\2\1111.jpg,2,0.9942163
G:/Sign_language_GNN/model/imagedata-main\2\1112.jpg,2,0.99404943
G:/Sign_language_GNN/model/imagedata-main\2\1113.jpg,2,0.7296756
G:/Sign_language_GNN/model/imagedata-main\2\1114.jpg,2,0.9585665
G:/Sign_language_GNN/model/imagedata-main\2\1115.jpg,2,0.9470239
G:/Sign_language_GNN/model/imagedata-main\2\1116.jpg,2,0.97219086
G:/Sign_language_GNN/model/imagedata-main\2\1117.jpg,2,0.97270966
G:/Sign_language_GNN/model/imagedata-main\2\1118.jpg,2,0.9725285
G:/Sign_language_GNN/model/imagedata-main\2\1119.jpg,2,0.973195
G:/Sign_language_GNN/model/imagedata-main\2\112.jpg,2,0.97916585
G:/Sign_language_GNN/model/imagedata-main\2\1120.jpg,2,0.9716144
G:/Sign_language_GNN/model/imagedata-main\2\1121.jpg,2,0.9714022
G:/Sign_language_GNN/model/imagedata-main\2\1122.jpg,2,0.9713704
G:/Sign_language_GNN/model/imagedata-main\2\1123.jpg,2,0.9692667
G:/Sign_language_GNN/model/imagedata-main\2\1124.jpg,2,0.9687839
G:/Sign_language_GNN/model/imagedata-main\2\1125.jpg,2,0.9673102
G:/Sign_language_GNN/model/imagedata-main\2\1126.jpg,2,0.96746016
G:/Sign_language_GNN/model/imagedata-main\2\1127.jpg,2,0.96910167
G:/Sign_language_GNN/model/imagedata-main\2\1128.jpg,2,0.97034264
G:/Sign_language_GNN/model/imagedata-main\2\1129.jpg,2,0.9694746
G:/Sign_language_GNN/model/imagedata-main\2\113.jpg,2,0.9778731
G:/Sign_language_GNN/model/imagedata-main\2\1130.jpg,2,0.96980906
G:/Sign_language_GNN/model/imagedata-main\2\1131.jpg,2,0.97086716
G:/Sign_language_GNN/model/imagedata-main\2\1132.jpg,2,0.97058433
G:/Sign_language_GNN/model/imagedata-main\2\1133.jpg,2,0.96839315
G:/Sign_language_GNN/model/imagedata-main\2\1134.jpg,2,0.95587564
G:/Sign_language_GNN/model/imagedata-main\2\1135.jpg,2,0.94735974
G:/Sign_language_GNN/model/imagedata-main\2\1136.jpg,2,0.94760424
G:/Sign_language_GNN/model/imagedata-main\2\1137.jpg,2,0.9510612
G:/Sign_language_GNN/model/imagedata-main\2\1138.jpg,2,0.94962347
G:/Sign_language_GNN/model/imagedata-main\2\1139.jpg,2,0.95322686
G:/Sign_language_GNN/model/imagedata-main\2\114.jpg,2,0.97864485
G:/Sign_language_GNN/model/imagedata-main\2\1140.jpg,2,0.954684
G:/Sign_language_GNN/model/imagedata-main\2\1141.jpg,2,0.95532453
G:/Sign_language_GNN/model/imagedata-main\2\1142.jpg,2,0.9546297
G:/Sign_language_GNN/model/imagedata-main\2\1143.jpg,2,0.95323205
G:/Sign_language_GNN/model/imagedata-main\2\1144.jpg,2,0.95294315
G:/Sign_language_GNN/model/imagedata-main\2\1145.jpg,2,0.95036054
G:/Sign_language_GNN/model/imagedata-main\2\1146.jpg,2,0.9522397
G:/Sign_language_GNN/model/imagedata-main\2\1147.jpg,2,0.99483573
G:/Sign_language_GNN/model/imagedata-main\2\1148.jpg,2,0.99241465
G:/Sign_language_GNN/model/imagedata-main\2\1149.jpg,2,0.9930061
G:/Sign_language_GNN/model/imagedata-main\2\115.jpg,2,0.9798631
G:/Sign_language_GNN/model/imagedata-main\2\1150.jpg,2,0.9929444
G:/Sign_language_GNN/model/imagedata-main\2\1151.jpg,2,0.9937215
G:/Sign_language_GNN/model/imagedata-main\2\1152.jpg,2,0.993075
G:/Sign_language_GNN/model/imagedata-main\2\1153.jpg,2,0.9749519
G:/Sign_language_GNN/model/imagedata-main\2\1154.jpg,2,0.50358677
G:/Sign_language_GNN/model/imagedata-main\2\1155.jpg,2,0.9404809
G:/Sign_language_GNN/model/imagedata-main\2\1156.jpg,2,0.95321417
G:/Sign_language_GNN/model/imagedata-main\2\1157.jpg,2,0.952836
G:/Sign_language_GNN/model/imagedata-main\2\1158.jpg,2,0.95303607
G:/Sign_language_GNN/model/imagedata-main\2\1159.jpg,2,0.9521447
G:/Sign_language_GNN/model/imagedata-main\2\116.jpg,2,0.9794087
G:/Sign_language_GNN/model/imagedata-main\2\1160.jpg,2,0.9617696
G:/Sign_language_GNN/model/imagedata-main\2\1161.jpg,2,0.9681684
G:/Sign_language_GNN/model/imagedata-main\2\1162.jpg,2,0.9681684
G:/Sign_language_GNN/model/imagedata-main\2\1163.jpg,2,0.970074
G:/Sign_language_GNN/model/imagedata-main\2\1164.jpg,2,0.9794232
G:/Sign_language_GNN/model/imagedata-main\2\1165.jpg,2,0.9822926
G:/Sign_language_GNN/model/imagedata-main\2\1166.jpg,2,0.9865515
G:/Sign_language_GNN/model/imagedata-main\2\1167.jpg,2,0.9960316
G:/Sign_language_GNN/model/imagedata-main\2\1168.jpg,2,0.9958668
G:/Sign_language_GNN/model/imagedata-main\2\1169.jpg,2,0.9880183
G:/Sign_language_GNN/model/imagedata-main\2\117.jpg,2,0.9826634
G:/Sign_language_GNN/model/imagedata-main\2\1170.jpg,2,0.9930775
G:/Sign_language_GNN/model/imagedata-main\2\1171.jpg,2,0.99185973
G:/Sign_language_GNN/model/imagedata-main\2\1172.jpg,2,0.98909014
G:/Sign_language_GNN/model/imagedata-main\2\1173.jpg,2,0.9911465
G:/Sign_language_GNN/model/imagedata-main\2\1174.jpg,2,0.99047583
G:/Sign_language_GNN/model/imagedata-main\2\1175.jpg,2,0.9959637
G:/Sign_language_GNN/model/imagedata-main\2\1176.jpg,2,0.99627787
G:/Sign_language_GNN/model/imagedata-main\2\1177.jpg,2,0.99608433
G:/Sign_language_GNN/model/imagedata-main\2\1178.jpg,2,0.99716383
G:/Sign_language_GNN/model/imagedata-main\2\1179.jpg,2,0.9967218
G:/Sign_language_GNN/model/imagedata-main\2\118.jpg,2,0.9801292
G:/Sign_language_GNN/model/imagedata-main\2\1180.jpg,2,0.9962979
G:/Sign_language_GNN/model/imagedata-main\2\1181.jpg,2,0.9898234
G:/Sign_language_GNN/model/imagedata-main\2\1182.jpg,2,0.9898234
G:/Sign_language_GNN/model/imagedata-main\2\1183.jpg,2,0.98155606
G:/Sign_language_GNN/model/imagedata-main\2\1184.jpg,2,0.95321786
G:/Sign_language_GNN/model/imagedata-main\2\1185.jpg,2,0.9649679
G:/Sign_language_GNN/model/imagedata-main\2\1186.jpg,2,0.88634974
G:/Sign_language_GNN/model/imagedata-main\2\1187.jpg,2,0.9039678
G:/Sign_language_GNN/model/imagedata-main\2\1188.jpg,2,0.9699865
G:/Sign_language_GNN/model/imagedata-main\2\1189.jpg,2,0.97580826
G:/Sign_language_GNN/model/imagedata-main\2\119.jpg,2,0.9805048
G:/Sign_language_GNN/model/imagedata-main\2\1190.jpg,2,0.98742306
G:/Sign_language_GNN/model/imagedata-main\2\1191.jpg,2,0.9912124
G:/Sign_language_GNN/model/imagedata-main\2\1192.jpg,2,0.97270614
G:/Sign_language_GNN/model/imagedata-main\2\1193.jpg,2,0.97236574
G:/Sign_language_GNN/model/imagedata-main\2\1194.jpg,2,0.9687082
G:/Sign_language_GNN/model/imagedata-main\2\1195.jpg,2,0.9866443
G:/Sign_language_GNN/model/imagedata-main\2\1196.jpg,2,0.9746697
G:/Sign_language_GNN/model/imagedata-main\2\1197.jpg,2,0.97340447
G:/Sign_language_GNN/model/imagedata-main\2\1198.jpg,2,0.98057
G:/Sign_language_GNN/model/imagedata-main\2\1199.jpg,2,0.99428433
G:/Sign_language_GNN/model/imagedata-main\2\12.jpg,2,0.96900755
G:/Sign_language_GNN/model/imagedata-main\2\120.jpg,2,0.98056513
G:/Sign_language_GNN/model/imagedata-main\2\1200.jpg,2,0.95497614
G:/Sign_language_GNN/model/imagedata-main\2\1201.jpg,2,0.99212146
G:/Sign_language_GNN/model/imagedata-main\2\1202.jpg,2,0.9931444
G:/Sign_language_GNN/model/imagedata-main\2\1203.jpg,2,0.991991
G:/Sign_language_GNN/model/imagedata-main\2\1204.jpg,2,0.9928664
G:/Sign_language_GNN/model/imagedata-main\2\1205.jpg,2,0.9907233
G:/Sign_language_GNN/model/imagedata-main\2\1206.jpg,2,0.98954064
G:/Sign_language_GNN/model/imagedata-main\2\1207.jpg,2,0.98575866
G:/Sign_language_GNN/model/imagedata-main\2\1208.jpg,2,0.9927649
G:/Sign_language_GNN/model/imagedata-main\2\1209.jpg,2,0.99289846
G:/Sign_language_GNN/model/imagedata-main\2\121.jpg,2,0.98136145
G:/Sign_language_GNN/model/imagedata-main\2\1210.jpg,2,0.9908765
G:/Sign_language_GNN/model/imagedata-main\2\1211.jpg,2,0.99103665
G:/Sign_language_GNN/model/imagedata-main\2\1212.jpg,2,0.9847819
G:/Sign_language_GNN/model/imagedata-main\2\1213.jpg,2,0.97509617
G:/Sign_language_GNN/model/imagedata-main\2\1214.jpg,2,0.97609454
G:/Sign_language_GNN/model/imagedata-main\2\1215.jpg,2,0.9754979
G:/Sign_language_GNN/model/imagedata-main\2\1216.jpg,2,0.9761529
G:/Sign_language_GNN/model/imagedata-main\2\1217.jpg,2,0.9751858
G:/Sign_language_GNN/model/imagedata-main\2\1218.jpg,2,0.96525526
G:/Sign_language_GNN/model/imagedata-main\2\1219.jpg,2,0.9798335
G:/Sign_language_GNN/model/imagedata-main\2\122.jpg,2,0.9280614
G:/Sign_language_GNN/model/imagedata-main\2\1220.jpg,2,0.99505204
G:/Sign_language_GNN/model/imagedata-main\2\1221.jpg,2,0.9956067
G:/Sign_language_GNN/model/imagedata-main\2\1222.jpg,2,0.9956067
G:/Sign_language_GNN/model/imagedata-main\2\1223.jpg,2,0.9945464
G:/Sign_language_GNN/model/imagedata-main\2\1224.jpg,2,0.9917305
G:/Sign_language_GNN/model/imagedata-main\2\1225.jpg,2,0.99384767
G:/Sign_language_GNN/model/imagedata-main\2\1226.jpg,2,0.99372685
G:/Sign_language_GNN/model/imagedata-main\2\1227.jpg,2,0.9942913
G:/Sign_language_GNN/model/imagedata-main\2\1228.jpg,2,0.9950193
G:/Sign_language_GNN/model/imagedata-main\2\1229.jpg,2,0.99135256
G:/Sign_language_GNN/model/imagedata-main\2\123.jpg,2,0.9847963
G:/Sign_language_GNN/model/imagedata-main\2\1230.jpg,2,0.9936014
G:/Sign_language_GNN/model/imagedata-main\2\1231.jpg,2,0.9841679
G:/Sign_language_GNN/model/imagedata-main\2\1232.jpg,2,0.9858971
G:/Sign_language_GNN/model/imagedata-main\2\1233.jpg,2,0.97968435
G:/Sign_language_GNN/model/imagedata-main\2\1234.jpg,2,0.98095876
G:/Sign_language_GNN/model/imagedata-main\2\1235.jpg,2,0.9790583
G:/Sign_language_GNN/model/imagedata-main\2\1236.jpg,2,0.97916496
G:/Sign_language_GNN/model/imagedata-main\2\1237.jpg,2,0.979978
G:/Sign_language_GNN/model/imagedata-main\2\1238.jpg,2,0.9779197
G:/Sign_language_GNN/model/imagedata-main\2\1239.jpg,2,0.97887266
G:/Sign_language_GNN/model/imagedata-main\2\124.jpg,2,0.9866453
G:/Sign_language_GNN/model/imagedata-main\2\1240.jpg,2,0.9813991
G:/Sign_language_GNN/model/imagedata-main\2\1241.jpg,2,0.9778636
G:/Sign_language_GNN/model/imagedata-main\2\1242.jpg,2,0.97972864
G:/Sign_language_GNN/model/imagedata-main\2\1243.jpg,2,0.9746961
G:/Sign_language_GNN/model/imagedata-main\2\1244.jpg,2,0.9810636
G:/Sign_language_GNN/model/imagedata-main\2\1245.jpg,2,0.9808319
G:/Sign_language_GNN/model/imagedata-main\2\1246.jpg,2,0.97500074
G:/Sign_language_GNN/model/imagedata-main\2\1247.jpg,2,0.97816145
G:/Sign_language_GNN/model/imagedata-main\2\1248.jpg,2,0.9798055
G:/Sign_language_GNN/model/imagedata-main\2\1249.jpg,2,0.97551495
G:/Sign_language_GNN/model/imagedata-main\2\125.jpg,2,0.9800164
G:/Sign_language_GNN/model/imagedata-main\2\1250.jpg,2,0.9793738
G:/Sign_language_GNN/model/imagedata-main\2\1251.jpg,2,0.9777966
G:/Sign_language_GNN/model/imagedata-main\2\1252.jpg,2,0.98103195
G:/Sign_language_GNN/model/imagedata-main\2\1253.jpg,2,0.9782907
G:/Sign_language_GNN/model/imagedata-main\2\1254.jpg,2,0.9777124
G:/Sign_language_GNN/model/imagedata-main\2\1255.jpg,2,0.9846586
G:/Sign_language_GNN/model/imagedata-main\2\1256.jpg,2,0.99072814
G:/Sign_language_GNN/model/imagedata-main\2\1257.jpg,2,0.98333436
G:/Sign_language_GNN/model/imagedata-main\2\1258.jpg,2,0.98185617
G:/Sign_language_GNN/model/imagedata-main\2\1259.jpg,2,0.9836236
G:/Sign_language_GNN/model/imagedata-main\2\126.jpg,2,0.978803
G:/Sign_language_GNN/model/imagedata-main\2\1260.jpg,2,0.97817093
G:/Sign_language_GNN/model/imagedata-main\2\1261.jpg,2,0.9771178
G:/Sign_language_GNN/model/imagedata-main\2\1262.jpg,2,0.983815
G:/Sign_language_GNN/model/imagedata-main\2\1263.jpg,2,0.9835052
G:/Sign_language_GNN/model/imagedata-main\2\1264.jpg,2,0.9823543
G:/Sign_language_GNN/model/imagedata-main\2\1265.jpg,2,0.98525673
G:/Sign_language_GNN/model/imagedata-main\2\1266.jpg,2,0.98363495
G:/Sign_language_GNN/model/imagedata-main\2\1267.jpg,2,0.9835572
G:/Sign_language_GNN/model/imagedata-main\2\1268.jpg,2,0.9788658
G:/Sign_language_GNN/model/imagedata-main\2\1269.jpg,2,0.983405
G:/Sign_language_GNN/model/imagedata-main\2\127.jpg,2,0.97814375
G:/Sign_language_GNN/model/imagedata-main\2\1270.jpg,2,0.9787338
G:/Sign_language_GNN/model/imagedata-main\2\1271.jpg,2,0.9808786
G:/Sign_language_GNN/model/imagedata-main\2\1272.jpg,2,0.9761461
G:/Sign_language_GNN/model/imagedata-main\2\1273.jpg,2,0.98426545
G:/Sign_language_GNN/model/imagedata-main\2\1274.jpg,2,0.9822724
G:/Sign_language_GNN/model/imagedata-main\2\1275.jpg,2,0.9794646
G:/Sign_language_GNN/model/imagedata-main\2\1276.jpg,2,0.9817094
G:/Sign_language_GNN/model/imagedata-main\2\1277.jpg,2,0.984527
G:/Sign_language_GNN/model/imagedata-main\2\1278.jpg,2,0.9819302
G:/Sign_language_GNN/model/imagedata-main\2\1279.jpg,2,0.98179334
G:/Sign_language_GNN/model/imagedata-main\2\128.jpg,2,0.98195696
G:/Sign_language_GNN/model/imagedata-main\2\1280.jpg,2,0.98041004
G:/Sign_language_GNN/model/imagedata-main\2\1281.jpg,2,0.99302685
G:/Sign_language_GNN/model/imagedata-main\2\1282.jpg,2,0.9902312
G:/Sign_language_GNN/model/imagedata-main\2\1283.jpg,2,0.9902767
G:/Sign_language_GNN/model/imagedata-main\2\1284.jpg,2,0.98397785
G:/Sign_language_GNN/model/imagedata-main\2\1285.jpg,2,0.98727405
G:/Sign_language_GNN/model/imagedata-main\2\1286.jpg,2,0.9840007
G:/Sign_language_GNN/model/imagedata-main\2\1287.jpg,2,0.9808775
G:/Sign_language_GNN/model/imagedata-main\2\1288.jpg,2,0.98200583
G:/Sign_language_GNN/model/imagedata-main\2\1289.jpg,2,0.98290116
G:/Sign_language_GNN/model/imagedata-main\2\129.jpg,2,0.98452836
G:/Sign_language_GNN/model/imagedata-main\2\1290.jpg,2,0.9748253
G:/Sign_language_GNN/model/imagedata-main\2\1291.jpg,2,0.9749747
G:/Sign_language_GNN/model/imagedata-main\2\1292.jpg,2,0.9736603
G:/Sign_language_GNN/model/imagedata-main\2\1293.jpg,2,0.9709392
G:/Sign_language_GNN/model/imagedata-main\2\1294.jpg,2,0.96977466
G:/Sign_language_GNN/model/imagedata-main\2\1295.jpg,2,0.967805
G:/Sign_language_GNN/model/imagedata-main\2\1296.jpg,2,0.9660642
G:/Sign_language_GNN/model/imagedata-main\2\1297.jpg,2,0.9662691
G:/Sign_language_GNN/model/imagedata-main\2\1298.jpg,2,0.9627206
G:/Sign_language_GNN/model/imagedata-main\2\1299.jpg,2,0.9691104
G:/Sign_language_GNN/model/imagedata-main\2\13.jpg,2,0.96924603
G:/Sign_language_GNN/model/imagedata-main\2\130.jpg,2,0.9868253
G:/Sign_language_GNN/model/imagedata-main\2\1300.jpg,2,0.9691104
G:/Sign_language_GNN/model/imagedata-main\2\1301.jpg,2,0.9693852
G:/Sign_language_GNN/model/imagedata-main\2\1302.jpg,2,0.97574246
G:/Sign_language_GNN/model/imagedata-main\2\1303.jpg,2,0.98399377
G:/Sign_language_GNN/model/imagedata-main\2\1304.jpg,2,0.98868316
G:/Sign_language_GNN/model/imagedata-main\2\1305.jpg,2,0.99161315
G:/Sign_language_GNN/model/imagedata-main\2\1306.jpg,2,0.9916945
G:/Sign_language_GNN/model/imagedata-main\2\1307.jpg,2,0.99080807
G:/Sign_language_GNN/model/imagedata-main\2\1308.jpg,2,0.9913339
G:/Sign_language_GNN/model/imagedata-main\2\1309.jpg,2,0.9913736
G:/Sign_language_GNN/model/imagedata-main\2\131.jpg,2,0.98774403
G:/Sign_language_GNN/model/imagedata-main\2\1310.jpg,2,0.9904027
G:/Sign_language_GNN/model/imagedata-main\2\1311.jpg,2,0.990754
G:/Sign_language_GNN/model/imagedata-main\2\1312.jpg,2,0.9898807
G:/Sign_language_GNN/model/imagedata-main\2\1313.jpg,2,0.9900214
G:/Sign_language_GNN/model/imagedata-main\2\1314.jpg,2,0.99144566
G:/Sign_language_GNN/model/imagedata-main\2\1315.jpg,2,0.98602456
G:/Sign_language_GNN/model/imagedata-main\2\1316.jpg,2,0.9901163
G:/Sign_language_GNN/model/imagedata-main\2\1317.jpg,2,0.9840554
G:/Sign_language_GNN/model/imagedata-main\2\1318.jpg,2,0.9871559
G:/Sign_language_GNN/model/imagedata-main\2\1319.jpg,2,0.98904955
G:/Sign_language_GNN/model/imagedata-main\2\132.jpg,2,0.98878175
G:/Sign_language_GNN/model/imagedata-main\2\1320.jpg,2,0.99311113
G:/Sign_language_GNN/model/imagedata-main\2\1321.jpg,2,0.99339503
G:/Sign_language_GNN/model/imagedata-main\2\1322.jpg,2,0.9916134
G:/Sign_language_GNN/model/imagedata-main\2\1323.jpg,2,0.993381
G:/Sign_language_GNN/model/imagedata-main\2\1324.jpg,2,0.9944689
G:/Sign_language_GNN/model/imagedata-main\2\1325.jpg,2,0.9864877
G:/Sign_language_GNN/model/imagedata-main\2\1326.jpg,2,0.9842383
G:/Sign_language_GNN/model/imagedata-main\2\1327.jpg,2,0.98452395
G:/Sign_language_GNN/model/imagedata-main\2\1328.jpg,2,0.99329996
G:/Sign_language_GNN/model/imagedata-main\2\1329.jpg,2,0.9938241
G:/Sign_language_GNN/model/imagedata-main\2\133.jpg,2,0.9891075
G:/Sign_language_GNN/model/imagedata-main\2\1330.jpg,2,0.99265903
G:/Sign_language_GNN/model/imagedata-main\2\1331.jpg,2,0.990555
G:/Sign_language_GNN/model/imagedata-main\2\1332.jpg,2,0.9905978
G:/Sign_language_GNN/model/imagedata-main\2\1333.jpg,2,0.9929806
G:/Sign_language_GNN/model/imagedata-main\2\1334.jpg,2,0.9928523
G:/Sign_language_GNN/model/imagedata-main\2\1335.jpg,2,0.9937996
G:/Sign_language_GNN/model/imagedata-main\2\1336.jpg,2,0.99409807
G:/Sign_language_GNN/model/imagedata-main\2\1337.jpg,2,0.9912723
G:/Sign_language_GNN/model/imagedata-main\2\1338.jpg,2,0.9869027
G:/Sign_language_GNN/model/imagedata-main\2\1339.jpg,2,0.98564875
G:/Sign_language_GNN/model/imagedata-main\2\134.jpg,2,0.98978347
G:/Sign_language_GNN/model/imagedata-main\2\1340.jpg,2,0.9857737
G:/Sign_language_GNN/model/imagedata-main\2\1341.jpg,2,0.98614734
G:/Sign_language_GNN/model/imagedata-main\2\1342.jpg,2,0.9862498
G:/Sign_language_GNN/model/imagedata-main\2\1343.jpg,2,0.9863274
G:/Sign_language_GNN/model/imagedata-main\2\1344.jpg,2,0.9881932
G:/Sign_language_GNN/model/imagedata-main\2\1345.jpg,2,0.9875803
G:/Sign_language_GNN/model/imagedata-main\2\1346.jpg,2,0.9881196
G:/Sign_language_GNN/model/imagedata-main\2\1347.jpg,2,0.98224854
G:/Sign_language_GNN/model/imagedata-main\2\1348.jpg,2,0.9766531
G:/Sign_language_GNN/model/imagedata-main\2\1349.jpg,2,0.97540873
G:/Sign_language_GNN/model/imagedata-main\2\135.jpg,2,0.99057275
G:/Sign_language_GNN/model/imagedata-main\2\1350.jpg,2,0.97633016
G:/Sign_language_GNN/model/imagedata-main\2\1351.jpg,2,0.97444224
G:/Sign_language_GNN/model/imagedata-main\2\1352.jpg,2,0.97250754
G:/Sign_language_GNN/model/imagedata-main\2\1353.jpg,2,0.97181094
G:/Sign_language_GNN/model/imagedata-main\2\1354.jpg,2,0.97057694
G:/Sign_language_GNN/model/imagedata-main\2\1355.jpg,2,0.9706081
G:/Sign_language_GNN/model/imagedata-main\2\1356.jpg,2,0.97064394
G:/Sign_language_GNN/model/imagedata-main\2\1357.jpg,2,0.9700982
G:/Sign_language_GNN/model/imagedata-main\2\1358.jpg,2,0.973368
G:/Sign_language_GNN/model/imagedata-main\2\1359.jpg,2,0.9731329
G:/Sign_language_GNN/model/imagedata-main\2\136.jpg,2,0.9917603
G:/Sign_language_GNN/model/imagedata-main\2\1360.jpg,2,0.9773252
G:/Sign_language_GNN/model/imagedata-main\2\1361.jpg,2,0.9777633
G:/Sign_language_GNN/model/imagedata-main\2\1362.jpg,2,0.9765444
G:/Sign_language_GNN/model/imagedata-main\2\1363.jpg,2,0.97558594
G:/Sign_language_GNN/model/imagedata-main\2\1364.jpg,2,0.97752243
G:/Sign_language_GNN/model/imagedata-main\2\1365.jpg,2,0.97094846
G:/Sign_language_GNN/model/imagedata-main\2\1366.jpg,2,0.9772438
G:/Sign_language_GNN/model/imagedata-main\2\1367.jpg,2,0.9766734
G:/Sign_language_GNN/model/imagedata-main\2\1368.jpg,2,0.97406965
G:/Sign_language_GNN/model/imagedata-main\2\1369.jpg,2,0.97277415
G:/Sign_language_GNN/model/imagedata-main\2\137.jpg,2,0.99256766
G:/Sign_language_GNN/model/imagedata-main\2\1370.jpg,2,0.9790259
G:/Sign_language_GNN/model/imagedata-main\2\1371.jpg,2,0.974743
G:/Sign_language_GNN/model/imagedata-main\2\1372.jpg,2,0.9705886
G:/Sign_language_GNN/model/imagedata-main\2\1373.jpg,2,0.983727
G:/Sign_language_GNN/model/imagedata-main\2\1374.jpg,2,0.98387355
G:/Sign_language_GNN/model/imagedata-main\2\1375.jpg,2,0.9804105
G:/Sign_language_GNN/model/imagedata-main\2\1376.jpg,2,0.97098035
G:/Sign_language_GNN/model/imagedata-main\2\1377.jpg,2,0.9822963
G:/Sign_language_GNN/model/imagedata-main\2\1378.jpg,2,0.98629564
G:/Sign_language_GNN/model/imagedata-main\2\138.jpg,2,0.99359846
G:/Sign_language_GNN/model/imagedata-main\2\1380.jpg,2,0.974422
G:/Sign_language_GNN/model/imagedata-main\2\1381.jpg,2,0.9813224
G:/Sign_language_GNN/model/imagedata-main\2\1382.jpg,2,0.99354494
G:/Sign_language_GNN/model/imagedata-main\2\1383.jpg,2,0.9877757
G:/Sign_language_GNN/model/imagedata-main\2\1384.jpg,2,0.98560417
G:/Sign_language_GNN/model/imagedata-main\2\1385.jpg,2,0.984646
G:/Sign_language_GNN/model/imagedata-main\2\1386.jpg,2,0.9893211
G:/Sign_language_GNN/model/imagedata-main\2\1387.jpg,2,0.99096537
G:/Sign_language_GNN/model/imagedata-main\2\1388.jpg,2,0.9908941
G:/Sign_language_GNN/model/imagedata-main\2\1389.jpg,2,0.9912068
G:/Sign_language_GNN/model/imagedata-main\2\139.jpg,2,0.9940376
G:/Sign_language_GNN/model/imagedata-main\2\1391.jpg,2,0.9525433
G:/Sign_language_GNN/model/imagedata-main\2\1392.jpg,2,0.9552639
G:/Sign_language_GNN/model/imagedata-main\2\1393.jpg,2,0.9557785
G:/Sign_language_GNN/model/imagedata-main\2\1394.jpg,2,0.9550686
G:/Sign_language_GNN/model/imagedata-main\2\1395.jpg,2,0.9533573
G:/Sign_language_GNN/model/imagedata-main\2\1396.jpg,2,0.9555935
G:/Sign_language_GNN/model/imagedata-main\2\1397.jpg,2,0.95342857
G:/Sign_language_GNN/model/imagedata-main\2\1398.jpg,2,0.95275366
G:/Sign_language_GNN/model/imagedata-main\2\1399.jpg,2,0.95558167
G:/Sign_language_GNN/model/imagedata-main\2\14.jpg,2,0.96940225
G:/Sign_language_GNN/model/imagedata-main\2\140.jpg,2,0.9935349
G:/Sign_language_GNN/model/imagedata-main\2\141.jpg,2,0.99385166
G:/Sign_language_GNN/model/imagedata-main\2\142.jpg,2,0.99454534
G:/Sign_language_GNN/model/imagedata-main\2\143.jpg,2,0.99454474
G:/Sign_language_GNN/model/imagedata-main\2\144.jpg,2,0.99452233
G:/Sign_language_GNN/model/imagedata-main\2\145.jpg,2,0.99424124
G:/Sign_language_GNN/model/imagedata-main\2\146.jpg,2,0.9939114
G:/Sign_language_GNN/model/imagedata-main\2\147.jpg,2,0.9930674
G:/Sign_language_GNN/model/imagedata-main\2\148.jpg,2,0.9939772
G:/Sign_language_GNN/model/imagedata-main\2\149.jpg,2,0.99422944
G:/Sign_language_GNN/model/imagedata-main\2\15.jpg,2,0.9673939
G:/Sign_language_GNN/model/imagedata-main\2\150.jpg,2,0.9940852
G:/Sign_language_GNN/model/imagedata-main\2\151.jpg,2,0.9952283
G:/Sign_language_GNN/model/imagedata-main\2\152.jpg,2,0.9906035
G:/Sign_language_GNN/model/imagedata-main\2\153.jpg,2,0.99110997
G:/Sign_language_GNN/model/imagedata-main\2\154.jpg,2,0.98673046
G:/Sign_language_GNN/model/imagedata-main\2\155.jpg,2,0.98822093
G:/Sign_language_GNN/model/imagedata-main\2\156.jpg,2,0.98742306
G:/Sign_language_GNN/model/imagedata-main\2\157.jpg,2,0.9937245
G:/Sign_language_GNN/model/imagedata-main\2\158.jpg,2,0.9946813
G:/Sign_language_GNN/model/imagedata-main\2\159.jpg,2,0.9943011
G:/Sign_language_GNN/model/imagedata-main\2\16.jpg,2,0.9677688
G:/Sign_language_GNN/model/imagedata-main\2\160.jpg,2,0.9934047
G:/Sign_language_GNN/model/imagedata-main\2\161.jpg,2,0.9937728
G:/Sign_language_GNN/model/imagedata-main\2\162.jpg,2,0.9933971
G:/Sign_language_GNN/model/imagedata-main\2\163.jpg,2,0.99294746
G:/Sign_language_GNN/model/imagedata-main\2\164.jpg,2,0.9940136
G:/Sign_language_GNN/model/imagedata-main\2\165.jpg,2,0.993708
G:/Sign_language_GNN/model/imagedata-main\2\166.jpg,2,0.99342936
G:/Sign_language_GNN/model/imagedata-main\2\167.jpg,2,0.9940381
G:/Sign_language_GNN/model/imagedata-main\2\168.jpg,2,0.9948624
G:/Sign_language_GNN/model/imagedata-main\2\169.jpg,2,0.9797752
G:/Sign_language_GNN/model/imagedata-main\2\17.jpg,2,0.9653193
G:/Sign_language_GNN/model/imagedata-main\2\170.jpg,2,0.97952145
G:/Sign_language_GNN/model/imagedata-main\2\171.jpg,2,0.979066
G:/Sign_language_GNN/model/imagedata-main\2\172.jpg,2,0.9785378
G:/Sign_language_GNN/model/imagedata-main\2\173.jpg,2,0.97726864
G:/Sign_language_GNN/model/imagedata-main\2\174.jpg,2,0.9752467
G:/Sign_language_GNN/model/imagedata-main\2\175.jpg,2,0.9725754
G:/Sign_language_GNN/model/imagedata-main\2\176.jpg,2,0.97134936
G:/Sign_language_GNN/model/imagedata-main\2\177.jpg,2,0.96529704
G:/Sign_language_GNN/model/imagedata-main\2\178.jpg,2,0.96529704
G:/Sign_language_GNN/model/imagedata-main\2\179.jpg,2,0.9629417
G:/Sign_language_GNN/model/imagedata-main\2\18.jpg,2,0.9660236
G:/Sign_language_GNN/model/imagedata-main\2\180.jpg,2,0.9641195
G:/Sign_language_GNN/model/imagedata-main\2\181.jpg,2,0.9652825
G:/Sign_language_GNN/model/imagedata-main\2\182.jpg,2,0.96954185
G:/Sign_language_GNN/model/imagedata-main\2\183.jpg,2,0.96965885
G:/Sign_language_GNN/model/imagedata-main\2\184.jpg,2,0.9674289
G:/Sign_language_GNN/model/imagedata-main\2\185.jpg,2,0.9694839
G:/Sign_language_GNN/model/imagedata-main\2\186.jpg,2,0.97070223
G:/Sign_language_GNN/model/imagedata-main\2\187.jpg,2,0.9704725
G:/Sign_language_GNN/model/imagedata-main\2\188.jpg,2,0.97323847
G:/Sign_language_GNN/model/imagedata-main\2\189.jpg,2,0.97382563
G:/Sign_language_GNN/model/imagedata-main\2\19.jpg,2,0.96525085
G:/Sign_language_GNN/model/imagedata-main\2\190.jpg,2,0.9752728
G:/Sign_language_GNN/model/imagedata-main\2\191.jpg,2,0.9755789
G:/Sign_language_GNN/model/imagedata-main\2\192.jpg,2,0.9761662
G:/Sign_language_GNN/model/imagedata-main\2\193.jpg,2,0.9776453
G:/Sign_language_GNN/model/imagedata-main\2\194.jpg,2,0.97871494
G:/Sign_language_GNN/model/imagedata-main\2\195.jpg,2,0.97843724
G:/Sign_language_GNN/model/imagedata-main\2\196.jpg,2,0.9808834
G:/Sign_language_GNN/model/imagedata-main\2\197.jpg,2,0.98001295
G:/Sign_language_GNN/model/imagedata-main\2\198.jpg,2,0.9813172
G:/Sign_language_GNN/model/imagedata-main\2\199.jpg,2,0.9780045
G:/Sign_language_GNN/model/imagedata-main\2\2.jpg,2,0.93269235
G:/Sign_language_GNN/model/imagedata-main\2\20.jpg,2,0.9633459
G:/Sign_language_GNN/model/imagedata-main\2\200.jpg,2,0.9607959
G:/Sign_language_GNN/model/imagedata-main\2\201.jpg,2,0.98363334
G:/Sign_language_GNN/model/imagedata-main\2\202.jpg,2,0.97532165
G:/Sign_language_GNN/model/imagedata-main\2\203.jpg,2,0.9786861
G:/Sign_language_GNN/model/imagedata-main\2\204.jpg,2,0.9844282
G:/Sign_language_GNN/model/imagedata-main\2\205.jpg,2,0.9882693
G:/Sign_language_GNN/model/imagedata-main\2\206.jpg,2,0.9884134
G:/Sign_language_GNN/model/imagedata-main\2\207.jpg,2,0.9901546
G:/Sign_language_GNN/model/imagedata-main\2\208.jpg,2,0.9903052
G:/Sign_language_GNN/model/imagedata-main\2\209.jpg,2,0.99028265
G:/Sign_language_GNN/model/imagedata-main\2\21.jpg,2,0.9650001
G:/Sign_language_GNN/model/imagedata-main\2\210.jpg,2,0.9909603
G:/Sign_language_GNN/model/imagedata-main\2\211.jpg,2,0.99080336
G:/Sign_language_GNN/model/imagedata-main\2\212.jpg,2,0.9914014
G:/Sign_language_GNN/model/imagedata-main\2\213.jpg,2,0.9915485
G:/Sign_language_GNN/model/imagedata-main\2\214.jpg,2,0.991691
G:/Sign_language_GNN/model/imagedata-main\2\215.jpg,2,0.99203557
G:/Sign_language_GNN/model/imagedata-main\2\216.jpg,2,0.991646
G:/Sign_language_GNN/model/imagedata-main\2\217.jpg,2,0.99206525
G:/Sign_language_GNN/model/imagedata-main\2\218.jpg,2,0.99175656
G:/Sign_language_GNN/model/imagedata-main\2\219.jpg,2,0.9918046
G:/Sign_language_GNN/model/imagedata-main\2\22.jpg,2,0.9639223
G:/Sign_language_GNN/model/imagedata-main\2\220.jpg,2,0.9922558
G:/Sign_language_GNN/model/imagedata-main\2\221.jpg,2,0.991922
G:/Sign_language_GNN/model/imagedata-main\2\222.jpg,2,0.9916259
G:/Sign_language_GNN/model/imagedata-main\2\223.jpg,2,0.99128306
G:/Sign_language_GNN/model/imagedata-main\2\224.jpg,2,0.9916271
G:/Sign_language_GNN/model/imagedata-main\2\225.jpg,2,0.9913633
G:/Sign_language_GNN/model/imagedata-main\2\226.jpg,2,0.9916875
G:/Sign_language_GNN/model/imagedata-main\2\227.jpg,2,0.9926319
G:/Sign_language_GNN/model/imagedata-main\2\228.jpg,2,0.99237967
G:/Sign_language_GNN/model/imagedata-main\2\229.jpg,2,0.9913488
G:/Sign_language_GNN/model/imagedata-main\2\23.jpg,2,0.976867
G:/Sign_language_GNN/model/imagedata-main\2\230.jpg,2,0.9926011
G:/Sign_language_GNN/model/imagedata-main\2\231.jpg,2,0.9932515
G:/Sign_language_GNN/model/imagedata-main\2\232.jpg,2,0.99413586
G:/Sign_language_GNN/model/imagedata-main\2\233.jpg,2,0.99589926
G:/Sign_language_GNN/model/imagedata-main\2\234.jpg,2,0.9975805
G:/Sign_language_GNN/model/imagedata-main\2\235.jpg,2,0.99353784
G:/Sign_language_GNN/model/imagedata-main\2\236.jpg,2,0.99109846
G:/Sign_language_GNN/model/imagedata-main\2\237.jpg,2,0.9921177
G:/Sign_language_GNN/model/imagedata-main\2\238.jpg,2,0.9944013
G:/Sign_language_GNN/model/imagedata-main\2\239.jpg,2,0.99479973
G:/Sign_language_GNN/model/imagedata-main\2\24.jpg,2,0.9757016
G:/Sign_language_GNN/model/imagedata-main\2\240.jpg,2,0.9961463
G:/Sign_language_GNN/model/imagedata-main\2\241.jpg,2,0.9953402
G:/Sign_language_GNN/model/imagedata-main\2\242.jpg,2,0.99333924
G:/Sign_language_GNN/model/imagedata-main\2\243.jpg,2,0.9944267
G:/Sign_language_GNN/model/imagedata-main\2\244.jpg,2,0.99475867
G:/Sign_language_GNN/model/imagedata-main\2\245.jpg,2,0.99437547
G:/Sign_language_GNN/model/imagedata-main\2\246.jpg,2,0.99462175
G:/Sign_language_GNN/model/imagedata-main\2\247.jpg,2,0.9944595
G:/Sign_language_GNN/model/imagedata-main\2\248.jpg,2,0.9944165
G:/Sign_language_GNN/model/imagedata-main\2\249.jpg,2,0.9946554
G:/Sign_language_GNN/model/imagedata-main\2\25.jpg,2,0.9776449
G:/Sign_language_GNN/model/imagedata-main\2\250.jpg,2,0.9949883
G:/Sign_language_GNN/model/imagedata-main\2\251.jpg,2,0.99485993
G:/Sign_language_GNN/model/imagedata-main\2\252.jpg,2,0.99501956
G:/Sign_language_GNN/model/imagedata-main\2\253.jpg,2,0.9948664
G:/Sign_language_GNN/model/imagedata-main\2\254.jpg,2,0.9946808
G:/Sign_language_GNN/model/imagedata-main\2\255.jpg,2,0.99446726
G:/Sign_language_GNN/model/imagedata-main\2\256.jpg,2,0.99444526
G:/Sign_language_GNN/model/imagedata-main\2\257.jpg,2,0.9939839
G:/Sign_language_GNN/model/imagedata-main\2\258.jpg,2,0.99426067
G:/Sign_language_GNN/model/imagedata-main\2\259.jpg,2,0.99426234
G:/Sign_language_GNN/model/imagedata-main\2\26.jpg,2,0.9797177
G:/Sign_language_GNN/model/imagedata-main\2\260.jpg,2,0.9940984
G:/Sign_language_GNN/model/imagedata-main\2\261.jpg,2,0.99359024
G:/Sign_language_GNN/model/imagedata-main\2\262.jpg,2,0.9934709
G:/Sign_language_GNN/model/imagedata-main\2\263.jpg,2,0.9927562
G:/Sign_language_GNN/model/imagedata-main\2\264.jpg,2,0.9904531
G:/Sign_language_GNN/model/imagedata-main\2\265.jpg,2,0.9886131
G:/Sign_language_GNN/model/imagedata-main\2\266.jpg,2,0.98592144
G:/Sign_language_GNN/model/imagedata-main\2\267.jpg,2,0.9824771
G:/Sign_language_GNN/model/imagedata-main\2\268.jpg,2,0.97945285
G:/Sign_language_GNN/model/imagedata-main\2\269.jpg,2,0.97705066
G:/Sign_language_GNN/model/imagedata-main\2\27.jpg,2,0.9825357
G:/Sign_language_GNN/model/imagedata-main\2\270.jpg,2,0.9756933
G:/Sign_language_GNN/model/imagedata-main\2\271.jpg,2,0.9756933
G:/Sign_language_GNN/model/imagedata-main\2\272.jpg,2,0.97766614
G:/Sign_language_GNN/model/imagedata-main\2\273.jpg,2,0.98036534
G:/Sign_language_GNN/model/imagedata-main\2\274.jpg,2,0.97991824
G:/Sign_language_GNN/model/imagedata-main\2\275.jpg,2,0.9804654
G:/Sign_language_GNN/model/imagedata-main\2\276.jpg,2,0.97946495
G:/Sign_language_GNN/model/imagedata-main\2\277.jpg,2,0.97907525
G:/Sign_language_GNN/model/imagedata-main\2\278.jpg,2,0.9747353
G:/Sign_language_GNN/model/imagedata-main\2\279.jpg,2,0.9699018
G:/Sign_language_GNN/model/imagedata-main\2\28.jpg,2,0.9819509
G:/Sign_language_GNN/model/imagedata-main\2\280.jpg,2,0.965808
G:/Sign_language_GNN/model/imagedata-main\2\281.jpg,2,0.96483606
G:/Sign_language_GNN/model/imagedata-main\2\282.jpg,2,0.96529424
G:/Sign_language_GNN/model/imagedata-main\2\283.jpg,2,0.9653937
G:/Sign_language_GNN/model/imagedata-main\2\284.jpg,2,0.966131
G:/Sign_language_GNN/model/imagedata-main\2\285.jpg,2,0.96670824
G:/Sign_language_GNN/model/imagedata-main\2\286.jpg,2,0.9668326
G:/Sign_language_GNN/model/imagedata-main\2\287.jpg,2,0.96687865
G:/Sign_language_GNN/model/imagedata-main\2\288.jpg,2,0.9695199
G:/Sign_language_GNN/model/imagedata-main\2\289.jpg,2,0.96855974
G:/Sign_language_GNN/model/imagedata-main\2\29.jpg,2,0.98313993
G:/Sign_language_GNN/model/imagedata-main\2\290.jpg,2,0.96929044
G:/Sign_language_GNN/model/imagedata-main\2\291.jpg,2,0.96962106
G:/Sign_language_GNN/model/imagedata-main\2\292.jpg,2,0.968232
G:/Sign_language_GNN/model/imagedata-main\2\293.jpg,2,0.9712455
G:/Sign_language_GNN/model/imagedata-main\2\294.jpg,2,0.97610384
G:/Sign_language_GNN/model/imagedata-main\2\295.jpg,2,0.9771204
G:/Sign_language_GNN/model/imagedata-main\2\296.jpg,2,0.9790222
G:/Sign_language_GNN/model/imagedata-main\2\297.jpg,2,0.97843015
G:/Sign_language_GNN/model/imagedata-main\2\298.jpg,2,0.98248404
G:/Sign_language_GNN/model/imagedata-main\2\299.jpg,2,0.9842127
G:/Sign_language_GNN/model/imagedata-main\2\3.jpg,2,0.93516546
G:/Sign_language_GNN/model/imagedata-main\2\30.jpg,2,0.97989684
G:/Sign_language_GNN/model/imagedata-main\2\300.jpg,2,0.986797
G:/Sign_language_GNN/model/imagedata-main\2\301.jpg,2,0.9838949
G:/Sign_language_GNN/model/imagedata-main\2\302.jpg,2,0.98516154
G:/Sign_language_GNN/model/imagedata-main\2\303.jpg,2,0.98465663
G:/Sign_language_GNN/model/imagedata-main\2\304.jpg,2,0.9816289
G:/Sign_language_GNN/model/imagedata-main\2\305.jpg,2,0.9817155
G:/Sign_language_GNN/model/imagedata-main\2\306.jpg,2,0.9852787
G:/Sign_language_GNN/model/imagedata-main\2\307.jpg,2,0.9862346
G:/Sign_language_GNN/model/imagedata-main\2\308.jpg,2,0.98766136
G:/Sign_language_GNN/model/imagedata-main\2\309.jpg,2,0.98875755
G:/Sign_language_GNN/model/imagedata-main\2\31.jpg,2,0.9783297
G:/Sign_language_GNN/model/imagedata-main\2\310.jpg,2,0.988751
G:/Sign_language_GNN/model/imagedata-main\2\311.jpg,2,0.988751
G:/Sign_language_GNN/model/imagedata-main\2\312.jpg,2,0.9873776
G:/Sign_language_GNN/model/imagedata-main\2\313.jpg,2,0.98848933
G:/Sign_language_GNN/model/imagedata-main\2\314.jpg,2,0.9880977
G:/Sign_language_GNN/model/imagedata-main\2\315.jpg,2,0.98894066
G:/Sign_language_GNN/model/imagedata-main\2\316.jpg,2,0.98937804
G:/Sign_language_GNN/model/imagedata-main\2\317.jpg,2,0.98929614
G:/Sign_language_GNN/model/imagedata-main\2\318.jpg,2,0.98941326
G:/Sign_language_GNN/model/imagedata-main\2\319.jpg,2,0.99059695
G:/Sign_language_GNN/model/imagedata-main\2\32.jpg,2,0.9741644
G:/Sign_language_GNN/model/imagedata-main\2\320.jpg,2,0.9923201
G:/Sign_language_GNN/model/imagedata-main\2\321.jpg,2,0.99054646
G:/Sign_language_GNN/model/imagedata-main\2\322.jpg,2,0.98881525
G:/Sign_language_GNN/model/imagedata-main\2\323.jpg,2,0.98883563
G:/Sign_language_GNN/model/imagedata-main\2\324.jpg,2,0.99127483
G:/Sign_language_GNN/model/imagedata-main\2\325.jpg,2,0.9929792
G:/Sign_language_GNN/model/imagedata-main\2\326.jpg,2,0.99438226
G:/Sign_language_GNN/model/imagedata-main\2\327.jpg,2,0.9946438
G:/Sign_language_GNN/model/imagedata-main\2\328.jpg,2,0.9949104
G:/Sign_language_GNN/model/imagedata-main\2\329.jpg,2,0.9854881
G:/Sign_language_GNN/model/imagedata-main\2\33.jpg,2,0.96250826
G:/Sign_language_GNN/model/imagedata-main\2\330.jpg,2,0.9678059
G:/Sign_language_GNN/model/imagedata-main\2\331.jpg,2,0.9723227
G:/Sign_language_GNN/model/imagedata-main\2\332.jpg,2,0.9756747
G:/Sign_language_GNN/model/imagedata-main\2\333.jpg,2,0.97600704
G:/Sign_language_GNN/model/imagedata-main\2\334.jpg,2,0.9759926
G:/Sign_language_GNN/model/imagedata-main\2\335.jpg,2,0.97724223
G:/Sign_language_GNN/model/imagedata-main\2\336.jpg,2,0.9796308
G:/Sign_language_GNN/model/imagedata-main\2\337.jpg,2,0.9802665
G:/Sign_language_GNN/model/imagedata-main\2\338.jpg,2,0.9793575
G:/Sign_language_GNN/model/imagedata-main\2\339.jpg,2,0.98278123
G:/Sign_language_GNN/model/imagedata-main\2\34.jpg,2,0.96040285
G:/Sign_language_GNN/model/imagedata-main\2\340.jpg,2,0.98182917
G:/Sign_language_GNN/model/imagedata-main\2\341.jpg,2,0.9813719
G:/Sign_language_GNN/model/imagedata-main\2\342.jpg,2,0.9824287
G:/Sign_language_GNN/model/imagedata-main\2\343.jpg,2,0.98417675
G:/Sign_language_GNN/model/imagedata-main\2\344.jpg,2,0.98387885
G:/Sign_language_GNN/model/imagedata-main\2\345.jpg,2,0.9838874
G:/Sign_language_GNN/model/imagedata-main\2\346.jpg,2,0.98406893
G:/Sign_language_GNN/model/imagedata-main\2\347.jpg,2,0.9826178
G:/Sign_language_GNN/model/imagedata-main\2\348.jpg,2,0.9834067
G:/Sign_language_GNN/model/imagedata-main\2\349.jpg,2,0.9831602
G:/Sign_language_GNN/model/imagedata-main\2\35.jpg,2,0.96040285
G:/Sign_language_GNN/model/imagedata-main\2\350.jpg,2,0.9829177
G:/Sign_language_GNN/model/imagedata-main\2\351.jpg,2,0.9832397
G:/Sign_language_GNN/model/imagedata-main\2\352.jpg,2,0.9832991
G:/Sign_language_GNN/model/imagedata-main\2\353.jpg,2,0.98469454
G:/Sign_language_GNN/model/imagedata-main\2\354.jpg,2,0.9813044
G:/Sign_language_GNN/model/imagedata-main\2\355.jpg,2,0.9771459
G:/Sign_language_GNN/model/imagedata-main\2\356.jpg,2,0.9776968
G:/Sign_language_GNN/model/imagedata-main\2\357.jpg,2,0.97587365
G:/Sign_language_GNN/model/imagedata-main\2\358.jpg,2,0.9756384
G:/Sign_language_GNN/model/imagedata-main\2\359.jpg,2,0.9745575
G:/Sign_language_GNN/model/imagedata-main\2\36.jpg,2,0.9640475
G:/Sign_language_GNN/model/imagedata-main\2\360.jpg,2,0.9782681
G:/Sign_language_GNN/model/imagedata-main\2\361.jpg,2,0.974032
G:/Sign_language_GNN/model/imagedata-main\2\362.jpg,2,0.9684844
G:/Sign_language_GNN/model/imagedata-main\2\363.jpg,2,0.9709373
G:/Sign_language_GNN/model/imagedata-main\2\364.jpg,2,0.97121567
G:/Sign_language_GNN/model/imagedata-main\2\365.jpg,2,0.96213293
G:/Sign_language_GNN/model/imagedata-main\2\366.jpg,2,0.940631
G:/Sign_language_GNN/model/imagedata-main\2\367.jpg,2,0.94640815
G:/Sign_language_GNN/model/imagedata-main\2\368.jpg,2,0.95900154
G:/Sign_language_GNN/model/imagedata-main\2\369.jpg,2,0.96579593
G:/Sign_language_GNN/model/imagedata-main\2\37.jpg,2,0.9427229
G:/Sign_language_GNN/model/imagedata-main\2\370.jpg,2,0.9683598
G:/Sign_language_GNN/model/imagedata-main\2\371.jpg,2,0.97266316
G:/Sign_language_GNN/model/imagedata-main\2\372.jpg,2,0.9754304
G:/Sign_language_GNN/model/imagedata-main\2\373.jpg,2,0.97886866
G:/Sign_language_GNN/model/imagedata-main\2\374.jpg,2,0.9881413
G:/Sign_language_GNN/model/imagedata-main\2\375.jpg,2,0.97787946
G:/Sign_language_GNN/model/imagedata-main\2\376.jpg,2,0.9945897
G:/Sign_language_GNN/model/imagedata-main\2\377.jpg,2,0.9902783
G:/Sign_language_GNN/model/imagedata-main\2\378.jpg,2,0.9432446
G:/Sign_language_GNN/model/imagedata-main\2\379.jpg,2,0.46574485
G:/Sign_language_GNN/model/imagedata-main\2\38.jpg,2,0.94141096
G:/Sign_language_GNN/model/imagedata-main\2\380.jpg,2,0.85798776
G:/Sign_language_GNN/model/imagedata-main\2\381.jpg,2,0.987501
G:/Sign_language_GNN/model/imagedata-main\2\382.jpg,2,0.99129605
G:/Sign_language_GNN/model/imagedata-main\2\383.jpg,2,0.98950726
G:/Sign_language_GNN/model/imagedata-main\2\384.jpg,2,0.9942532
G:/Sign_language_GNN/model/imagedata-main\2\385.jpg,2,0.98883665
G:/Sign_language_GNN/model/imagedata-main\2\386.jpg,2,0.98552054
G:/Sign_language_GNN/model/imagedata-main\2\387.jpg,2,0.9888976
G:/Sign_language_GNN/model/imagedata-main\2\388.jpg,2,0.9839976
G:/Sign_language_GNN/model/imagedata-main\2\389.jpg,2,0.98513454
G:/Sign_language_GNN/model/imagedata-main\2\39.jpg,2,0.96065474
G:/Sign_language_GNN/model/imagedata-main\2\390.jpg,2,0.9874385
G:/Sign_language_GNN/model/imagedata-main\2\391.jpg,2,0.9915488
G:/Sign_language_GNN/model/imagedata-main\2\392.jpg,2,0.9914842
G:/Sign_language_GNN/model/imagedata-main\2\393.jpg,2,0.98908323
G:/Sign_language_GNN/model/imagedata-main\2\394.jpg,2,0.98200375
G:/Sign_language_GNN/model/imagedata-main\2\395.jpg,2,0.9872891
G:/Sign_language_GNN/model/imagedata-main\2\396.jpg,2,0.98667204
G:/Sign_language_GNN/model/imagedata-main\2\397.jpg,2,0.9921976
G:/Sign_language_GNN/model/imagedata-main\2\398.jpg,2,0.9929892
G:/Sign_language_GNN/model/imagedata-main\2\399.jpg,2,0.9946807
G:/Sign_language_GNN/model/imagedata-main\2\4.jpg,2,0.944698
G:/Sign_language_GNN/model/imagedata-main\2\40.jpg,2,0.96760803
G:/Sign_language_GNN/model/imagedata-main\2\400.jpg,2,0.99395627
G:/Sign_language_GNN/model/imagedata-main\2\401.jpg,2,0.9953389
G:/Sign_language_GNN/model/imagedata-main\2\402.jpg,2,0.99326694
G:/Sign_language_GNN/model/imagedata-main\2\403.jpg,2,0.9952774
G:/Sign_language_GNN/model/imagedata-main\2\404.jpg,2,0.9955264
G:/Sign_language_GNN/model/imagedata-main\2\405.jpg,2,0.9933222
G:/Sign_language_GNN/model/imagedata-main\2\406.jpg,2,0.9937915
G:/Sign_language_GNN/model/imagedata-main\2\407.jpg,2,0.9938419
G:/Sign_language_GNN/model/imagedata-main\2\408.jpg,2,0.99262625
G:/Sign_language_GNN/model/imagedata-main\2\409.jpg,2,0.992618
G:/Sign_language_GNN/model/imagedata-main\2\41.jpg,2,0.9700345
G:/Sign_language_GNN/model/imagedata-main\2\410.jpg,2,0.99345124
G:/Sign_language_GNN/model/imagedata-main\2\411.jpg,2,0.9915798
G:/Sign_language_GNN/model/imagedata-main\2\412.jpg,2,0.9921221
G:/Sign_language_GNN/model/imagedata-main\2\413.jpg,2,0.9921251
G:/Sign_language_GNN/model/imagedata-main\2\414.jpg,2,0.99313724
G:/Sign_language_GNN/model/imagedata-main\2\415.jpg,2,0.9933895
G:/Sign_language_GNN/model/imagedata-main\2\416.jpg,2,0.9941842
G:/Sign_language_GNN/model/imagedata-main\2\417.jpg,2,0.99397475
G:/Sign_language_GNN/model/imagedata-main\2\418.jpg,2,0.9944055
G:/Sign_language_GNN/model/imagedata-main\2\419.jpg,2,0.9951298
G:/Sign_language_GNN/model/imagedata-main\2\42.jpg,2,0.9739464
G:/Sign_language_GNN/model/imagedata-main\2\420.jpg,2,0.9171318
G:/Sign_language_GNN/model/imagedata-main\2\421.jpg,2,0.90524524
G:/Sign_language_GNN/model/imagedata-main\2\422.jpg,2,0.98164934
G:/Sign_language_GNN/model/imagedata-main\2\423.jpg,2,0.98164934
G:/Sign_language_GNN/model/imagedata-main\2\424.jpg,2,0.93770516
G:/Sign_language_GNN/model/imagedata-main\2\425.jpg,2,0.94882023
G:/Sign_language_GNN/model/imagedata-main\2\426.jpg,2,0.9420965
G:/Sign_language_GNN/model/imagedata-main\2\427.jpg,2,0.9915394
G:/Sign_language_GNN/model/imagedata-main\2\428.jpg,2,0.99488884
G:/Sign_language_GNN/model/imagedata-main\2\429.jpg,2,0.995233
G:/Sign_language_GNN/model/imagedata-main\2\43.jpg,2,0.9806784
G:/Sign_language_GNN/model/imagedata-main\2\430.jpg,2,0.9948244
G:/Sign_language_GNN/model/imagedata-main\2\431.jpg,2,0.99362564
G:/Sign_language_GNN/model/imagedata-main\2\434.jpg,2,0.9921595
G:/Sign_language_GNN/model/imagedata-main\2\435.jpg,2,0.9921595
G:/Sign_language_GNN/model/imagedata-main\2\436.jpg,2,0.99224067
G:/Sign_language_GNN/model/imagedata-main\2\438.jpg,2,0.9915959
G:/Sign_language_GNN/model/imagedata-main\2\439.jpg,2,0.9912232
G:/Sign_language_GNN/model/imagedata-main\2\44.jpg,2,0.97862476
G:/Sign_language_GNN/model/imagedata-main\2\440.jpg,2,0.99129593
G:/Sign_language_GNN/model/imagedata-main\2\442.jpg,2,0.9913161
G:/Sign_language_GNN/model/imagedata-main\2\443.jpg,2,0.9917904
G:/Sign_language_GNN/model/imagedata-main\2\444.jpg,2,0.9907194
G:/Sign_language_GNN/model/imagedata-main\2\445.jpg,2,0.99103737
G:/Sign_language_GNN/model/imagedata-main\2\446.jpg,2,0.99059254
G:/Sign_language_GNN/model/imagedata-main\2\447.jpg,2,0.99126136
G:/Sign_language_GNN/model/imagedata-main\2\45.jpg,2,0.9758119
G:/Sign_language_GNN/model/imagedata-main\2\452.jpg,2,0.9956049
G:/Sign_language_GNN/model/imagedata-main\2\455.jpg,2,0.9930375
G:/Sign_language_GNN/model/imagedata-main\2\456.jpg,2,0.99418086
G:/Sign_language_GNN/model/imagedata-main\2\457.jpg,2,0.9931365
G:/Sign_language_GNN/model/imagedata-main\2\458.jpg,2,0.9922874
G:/Sign_language_GNN/model/imagedata-main\2\459.jpg,2,0.98761356
G:/Sign_language_GNN/model/imagedata-main\2\46.jpg,2,0.97733784
G:/Sign_language_GNN/model/imagedata-main\2\460.jpg,2,0.9882478
G:/Sign_language_GNN/model/imagedata-main\2\461.jpg,2,0.9874648
G:/Sign_language_GNN/model/imagedata-main\2\462.jpg,2,0.98942006
G:/Sign_language_GNN/model/imagedata-main\2\463.jpg,2,0.9917434
G:/Sign_language_GNN/model/imagedata-main\2\464.jpg,2,0.9883173
G:/Sign_language_GNN/model/imagedata-main\2\465.jpg,2,0.9882415
G:/Sign_language_GNN/model/imagedata-main\2\466.jpg,2,0.98800594
G:/Sign_language_GNN/model/imagedata-main\2\467.jpg,2,0.98837703
G:/Sign_language_GNN/model/imagedata-main\2\468.jpg,2,0.9876946
G:/Sign_language_GNN/model/imagedata-main\2\469.jpg,2,0.9869871
G:/Sign_language_GNN/model/imagedata-main\2\47.jpg,2,0.9831441
G:/Sign_language_GNN/model/imagedata-main\2\470.jpg,2,0.9852754
G:/Sign_language_GNN/model/imagedata-main\2\471.jpg,2,0.9855356
G:/Sign_language_GNN/model/imagedata-main\2\472.jpg,2,0.9861828
G:/Sign_language_GNN/model/imagedata-main\2\473.jpg,2,0.9863387
G:/Sign_language_GNN/model/imagedata-main\2\474.jpg,2,0.98898774
G:/Sign_language_GNN/model/imagedata-main\2\475.jpg,2,0.9892753
G:/Sign_language_GNN/model/imagedata-main\2\476.jpg,2,0.98791844
G:/Sign_language_GNN/model/imagedata-main\2\477.jpg,2,0.98964113
G:/Sign_language_GNN/model/imagedata-main\2\478.jpg,2,0.98298126
G:/Sign_language_GNN/model/imagedata-main\2\479.jpg,2,0.9774393
G:/Sign_language_GNN/model/imagedata-main\2\48.jpg,2,0.9805448
G:/Sign_language_GNN/model/imagedata-main\2\480.jpg,2,0.99280363
G:/Sign_language_GNN/model/imagedata-main\2\483.jpg,2,0.9936154
G:/Sign_language_GNN/model/imagedata-main\2\486.jpg,2,0.9921457
G:/Sign_language_GNN/model/imagedata-main\2\487.jpg,2,0.9914932
G:/Sign_language_GNN/model/imagedata-main\2\488.jpg,2,0.99217844
G:/Sign_language_GNN/model/imagedata-main\2\49.jpg,2,0.9784103
G:/Sign_language_GNN/model/imagedata-main\2\491.jpg,2,0.99369264
G:/Sign_language_GNN/model/imagedata-main\2\492.jpg,2,0.9925721
G:/Sign_language_GNN/model/imagedata-main\2\493.jpg,2,0.9938659
G:/Sign_language_GNN/model/imagedata-main\2\494.jpg,2,0.993701
G:/Sign_language_GNN/model/imagedata-main\2\495.jpg,2,0.99395895
G:/Sign_language_GNN/model/imagedata-main\2\496.jpg,2,0.99317765
G:/Sign_language_GNN/model/imagedata-main\2\497.jpg,2,0.99290776
G:/Sign_language_GNN/model/imagedata-main\2\499.jpg,2,0.98808515
G:/Sign_language_GNN/model/imagedata-main\2\5.jpg,2,0.9529697
G:/Sign_language_GNN/model/imagedata-main\2\50.jpg,2,0.97996086
G:/Sign_language_GNN/model/imagedata-main\2\501.jpg,2,0.98482126
G:/Sign_language_GNN/model/imagedata-main\2\502.jpg,2,0.9871033
G:/Sign_language_GNN/model/imagedata-main\2\503.jpg,2,0.9883432
G:/Sign_language_GNN/model/imagedata-main\2\504.jpg,2,0.9890161
G:/Sign_language_GNN/model/imagedata-main\2\505.jpg,2,0.9898106
G:/Sign_language_GNN/model/imagedata-main\2\506.jpg,2,0.98815477
G:/Sign_language_GNN/model/imagedata-main\2\507.jpg,2,0.98447835
G:/Sign_language_GNN/model/imagedata-main\2\508.jpg,2,0.97479874
G:/Sign_language_GNN/model/imagedata-main\2\509.jpg,2,0.96968937
G:/Sign_language_GNN/model/imagedata-main\2\51.jpg,2,0.9802798
G:/Sign_language_GNN/model/imagedata-main\2\510.jpg,2,0.97015387
G:/Sign_language_GNN/model/imagedata-main\2\511.jpg,2,0.97086906
G:/Sign_language_GNN/model/imagedata-main\2\512.jpg,2,0.96862507
G:/Sign_language_GNN/model/imagedata-main\2\513.jpg,2,0.9669155
G:/Sign_language_GNN/model/imagedata-main\2\514.jpg,2,0.9664328
G:/Sign_language_GNN/model/imagedata-main\2\515.jpg,2,0.9657609
G:/Sign_language_GNN/model/imagedata-main\2\516.jpg,2,0.966603
G:/Sign_language_GNN/model/imagedata-main\2\517.jpg,2,0.96981883
G:/Sign_language_GNN/model/imagedata-main\2\518.jpg,2,0.96491474
G:/Sign_language_GNN/model/imagedata-main\2\519.jpg,2,0.96672505
G:/Sign_language_GNN/model/imagedata-main\2\52.jpg,2,0.98081803
G:/Sign_language_GNN/model/imagedata-main\2\520.jpg,2,0.9630485
G:/Sign_language_GNN/model/imagedata-main\2\521.jpg,2,0.9704292
G:/Sign_language_GNN/model/imagedata-main\2\522.jpg,2,0.96271425
G:/Sign_language_GNN/model/imagedata-main\2\523.jpg,2,0.9679852
G:/Sign_language_GNN/model/imagedata-main\2\524.jpg,2,0.9674975
G:/Sign_language_GNN/model/imagedata-main\2\525.jpg,2,0.9668939
G:/Sign_language_GNN/model/imagedata-main\2\526.jpg,2,0.9700978
G:/Sign_language_GNN/model/imagedata-main\2\527.jpg,2,0.9700978
G:/Sign_language_GNN/model/imagedata-main\2\528.jpg,2,0.96869075
G:/Sign_language_GNN/model/imagedata-main\2\529.jpg,2,0.9840588
G:/Sign_language_GNN/model/imagedata-main\2\53.jpg,2,0.9804725
G:/Sign_language_GNN/model/imagedata-main\2\530.jpg,2,0.97949696
G:/Sign_language_GNN/model/imagedata-main\2\531.jpg,2,0.9815545
G:/Sign_language_GNN/model/imagedata-main\2\532.jpg,2,0.97118795
G:/Sign_language_GNN/model/imagedata-main\2\533.jpg,2,0.9707159
G:/Sign_language_GNN/model/imagedata-main\2\534.jpg,2,0.9768395
G:/Sign_language_GNN/model/imagedata-main\2\535.jpg,2,0.9678063
G:/Sign_language_GNN/model/imagedata-main\2\536.jpg,2,0.9667463
G:/Sign_language_GNN/model/imagedata-main\2\537.jpg,2,0.9667463
G:/Sign_language_GNN/model/imagedata-main\2\538.jpg,2,0.97890806
G:/Sign_language_GNN/model/imagedata-main\2\539.jpg,2,0.9863348
G:/Sign_language_GNN/model/imagedata-main\2\54.jpg,2,0.9835286
G:/Sign_language_GNN/model/imagedata-main\2\540.jpg,2,0.9895293
G:/Sign_language_GNN/model/imagedata-main\2\541.jpg,2,0.989772
G:/Sign_language_GNN/model/imagedata-main\2\542.jpg,2,0.99195343
G:/Sign_language_GNN/model/imagedata-main\2\543.jpg,2,0.99123794
G:/Sign_language_GNN/model/imagedata-main\2\544.jpg,2,0.99097943
G:/Sign_language_GNN/model/imagedata-main\2\545.jpg,2,0.9884293
G:/Sign_language_GNN/model/imagedata-main\2\546.jpg,2,0.98154527
G:/Sign_language_GNN/model/imagedata-main\2\547.jpg,2,0.98030305
G:/Sign_language_GNN/model/imagedata-main\2\548.jpg,2,0.9799177
G:/Sign_language_GNN/model/imagedata-main\2\549.jpg,2,0.9791981
G:/Sign_language_GNN/model/imagedata-main\2\55.jpg,2,0.984649
G:/Sign_language_GNN/model/imagedata-main\2\550.jpg,2,0.9769174
G:/Sign_language_GNN/model/imagedata-main\2\551.jpg,2,0.97920305
G:/Sign_language_GNN/model/imagedata-main\2\552.jpg,2,0.977391
G:/Sign_language_GNN/model/imagedata-main\2\553.jpg,2,0.9722038
G:/Sign_language_GNN/model/imagedata-main\2\554.jpg,2,0.97395647
G:/Sign_language_GNN/model/imagedata-main\2\555.jpg,2,0.97612566
G:/Sign_language_GNN/model/imagedata-main\2\556.jpg,2,0.97522926
G:/Sign_language_GNN/model/imagedata-main\2\557.jpg,2,0.97544765
G:/Sign_language_GNN/model/imagedata-main\2\558.jpg,2,0.97304463
G:/Sign_language_GNN/model/imagedata-main\2\559.jpg,2,0.9766118
G:/Sign_language_GNN/model/imagedata-main\2\56.jpg,2,0.9840449
G:/Sign_language_GNN/model/imagedata-main\2\560.jpg,2,0.9747722
G:/Sign_language_GNN/model/imagedata-main\2\561.jpg,2,0.97475624
G:/Sign_language_GNN/model/imagedata-main\2\562.jpg,2,0.9728228
G:/Sign_language_GNN/model/imagedata-main\2\563.jpg,2,0.97256887
G:/Sign_language_GNN/model/imagedata-main\2\564.jpg,2,0.9729743
G:/Sign_language_GNN/model/imagedata-main\2\565.jpg,2,0.97227365
G:/Sign_language_GNN/model/imagedata-main\2\566.jpg,2,0.97489786
G:/Sign_language_GNN/model/imagedata-main\2\567.jpg,2,0.974938
G:/Sign_language_GNN/model/imagedata-main\2\568.jpg,2,0.97226316
G:/Sign_language_GNN/model/imagedata-main\2\569.jpg,2,0.9756638
G:/Sign_language_GNN/model/imagedata-main\2\57.jpg,2,0.9830588
G:/Sign_language_GNN/model/imagedata-main\2\570.jpg,2,0.9721133
G:/Sign_language_GNN/model/imagedata-main\2\571.jpg,2,0.97323996
G:/Sign_language_GNN/model/imagedata-main\2\572.jpg,2,0.9722029
G:/Sign_language_GNN/model/imagedata-main\2\573.jpg,2,0.9724062
G:/Sign_language_GNN/model/imagedata-main\2\574.jpg,2,0.97182524
G:/Sign_language_GNN/model/imagedata-main\2\575.jpg,2,0.9715559
G:/Sign_language_GNN/model/imagedata-main\2\576.jpg,2,0.9704507
G:/Sign_language_GNN/model/imagedata-main\2\577.jpg,2,0.9704507
G:/Sign_language_GNN/model/imagedata-main\2\578.jpg,2,0.9723874
G:/Sign_language_GNN/model/imagedata-main\2\579.jpg,2,0.97057694
G:/Sign_language_GNN/model/imagedata-main\2\58.jpg,2,0.98379105
G:/Sign_language_GNN/model/imagedata-main\2\580.jpg,2,0.9732353
G:/Sign_language_GNN/model/imagedata-main\2\581.jpg,2,0.97081494
G:/Sign_language_GNN/model/imagedata-main\2\582.jpg,2,0.9748584
G:/Sign_language_GNN/model/imagedata-main\2\583.jpg,2,0.97533345
G:/Sign_language_GNN/model/imagedata-main\2\584.jpg,2,0.9756259
G:/Sign_language_GNN/model/imagedata-main\2\585.jpg,2,0.9701286
G:/Sign_language_GNN/model/imagedata-main\2\586.jpg,2,0.9808926
G:/Sign_language_GNN/model/imagedata-main\2\587.jpg,2,0.9817601
G:/Sign_language_GNN/model/imagedata-main\2\588.jpg,2,0.9862533
G:/Sign_language_GNN/model/imagedata-main\2\589.jpg,2,0.9822051
G:/Sign_language_GNN/model/imagedata-main\2\59.jpg,2,0.9877935
G:/Sign_language_GNN/model/imagedata-main\2\590.jpg,2,0.9865928
G:/Sign_language_GNN/model/imagedata-main\2\591.jpg,2,0.9851989
G:/Sign_language_GNN/model/imagedata-main\2\592.jpg,2,0.986547
G:/Sign_language_GNN/model/imagedata-main\2\593.jpg,2,0.98596
G:/Sign_language_GNN/model/imagedata-main\2\594.jpg,2,0.9874413
G:/Sign_language_GNN/model/imagedata-main\2\595.jpg,2,0.98673487
G:/Sign_language_GNN/model/imagedata-main\2\596.jpg,2,0.9872104
G:/Sign_language_GNN/model/imagedata-main\2\597.jpg,2,0.98823804
G:/Sign_language_GNN/model/imagedata-main\2\598.jpg,2,0.9907733
G:/Sign_language_GNN/model/imagedata-main\2\599.jpg,2,0.9942036
G:/Sign_language_GNN/model/imagedata-main\2\6.jpg,2,0.9574079
G:/Sign_language_GNN/model/imagedata-main\2\60.jpg,2,0.9849059
G:/Sign_language_GNN/model/imagedata-main\2\600.jpg,2,0.9926442
G:/Sign_language_GNN/model/imagedata-main\2\601.jpg,2,0.9938227
G:/Sign_language_GNN/model/imagedata-main\2\602.jpg,2,0.99144566
G:/Sign_language_GNN/model/imagedata-main\2\603.jpg,2,0.99024534
G:/Sign_language_GNN/model/imagedata-main\2\604.jpg,2,0.9899832
G:/Sign_language_GNN/model/imagedata-main\2\605.jpg,2,0.9906583
G:/Sign_language_GNN/model/imagedata-main\2\606.jpg,2,0.9905144
G:/Sign_language_GNN/model/imagedata-main\2\607.jpg,2,0.9903554
G:/Sign_language_GNN/model/imagedata-main\2\608.jpg,2,0.9918356
G:/Sign_language_GNN/model/imagedata-main\2\609.jpg,2,0.9912214
G:/Sign_language_GNN/model/imagedata-main\2\61.jpg,2,0.98556364
G:/Sign_language_GNN/model/imagedata-main\2\610.jpg,2,0.98662436
G:/Sign_language_GNN/model/imagedata-main\2\611.jpg,2,0.9916443
G:/Sign_language_GNN/model/imagedata-main\2\612.jpg,2,0.9923779
G:/Sign_language_GNN/model/imagedata-main\2\613.jpg,2,0.9935533
G:/Sign_language_GNN/model/imagedata-main\2\614.jpg,2,0.99361235
G:/Sign_language_GNN/model/imagedata-main\2\615.jpg,2,0.9947143
G:/Sign_language_GNN/model/imagedata-main\2\616.jpg,2,0.9918543
G:/Sign_language_GNN/model/imagedata-main\2\617.jpg,2,0.9913249
G:/Sign_language_GNN/model/imagedata-main\2\618.jpg,2,0.9919041
G:/Sign_language_GNN/model/imagedata-main\2\619.jpg,2,0.9917326
G:/Sign_language_GNN/model/imagedata-main\2\62.jpg,2,0.9875408
G:/Sign_language_GNN/model/imagedata-main\2\620.jpg,2,0.9902952
G:/Sign_language_GNN/model/imagedata-main\2\621.jpg,2,0.9865957
G:/Sign_language_GNN/model/imagedata-main\2\622.jpg,2,0.98765045
G:/Sign_language_GNN/model/imagedata-main\2\623.jpg,2,0.98285586
G:/Sign_language_GNN/model/imagedata-main\2\624.jpg,2,0.9804646
G:/Sign_language_GNN/model/imagedata-main\2\625.jpg,2,0.98050433
G:/Sign_language_GNN/model/imagedata-main\2\626.jpg,2,0.98358595
G:/Sign_language_GNN/model/imagedata-main\2\627.jpg,2,0.9607006
G:/Sign_language_GNN/model/imagedata-main\2\628.jpg,2,0.97524625
G:/Sign_language_GNN/model/imagedata-main\2\629.jpg,2,0.99217004
G:/Sign_language_GNN/model/imagedata-main\2\63.jpg,2,0.987473
G:/Sign_language_GNN/model/imagedata-main\2\635.jpg,2,0.97651106
G:/Sign_language_GNN/model/imagedata-main\2\636.jpg,2,0.98769325
G:/Sign_language_GNN/model/imagedata-main\2\637.jpg,2,0.98990905
G:/Sign_language_GNN/model/imagedata-main\2\638.jpg,2,0.9799279
G:/Sign_language_GNN/model/imagedata-main\2\639.jpg,2,0.97312975
G:/Sign_language_GNN/model/imagedata-main\2\64.jpg,2,0.98936623
G:/Sign_language_GNN/model/imagedata-main\2\640.jpg,2,0.9786204
G:/Sign_language_GNN/model/imagedata-main\2\641.jpg,2,0.9826398
G:/Sign_language_GNN/model/imagedata-main\2\642.jpg,2,0.9839743
G:/Sign_language_GNN/model/imagedata-main\2\643.jpg,2,0.9908825
G:/Sign_language_GNN/model/imagedata-main\2\644.jpg,2,0.9914938
G:/Sign_language_GNN/model/imagedata-main\2\645.jpg,2,0.98107177
G:/Sign_language_GNN/model/imagedata-main\2\646.jpg,2,0.96859765
G:/Sign_language_GNN/model/imagedata-main\2\647.jpg,2,0.97424793
G:/Sign_language_GNN/model/imagedata-main\2\648.jpg,2,0.97424793
G:/Sign_language_GNN/model/imagedata-main\2\649.jpg,2,0.9594877
G:/Sign_language_GNN/model/imagedata-main\2\65.jpg,2,0.98870254
G:/Sign_language_GNN/model/imagedata-main\2\650.jpg,2,0.9851319
G:/Sign_language_GNN/model/imagedata-main\2\651.jpg,2,0.9833605
G:/Sign_language_GNN/model/imagedata-main\2\652.jpg,2,0.96917367
G:/Sign_language_GNN/model/imagedata-main\2\653.jpg,2,0.9684836
G:/Sign_language_GNN/model/imagedata-main\2\654.jpg,2,0.98200226
G:/Sign_language_GNN/model/imagedata-main\2\655.jpg,2,0.9801619
G:/Sign_language_GNN/model/imagedata-main\2\656.jpg,2,0.97932863
G:/Sign_language_GNN/model/imagedata-main\2\657.jpg,2,0.9828672
G:/Sign_language_GNN/model/imagedata-main\2\658.jpg,2,0.9781206
G:/Sign_language_GNN/model/imagedata-main\2\659.jpg,2,0.98327893
G:/Sign_language_GNN/model/imagedata-main\2\66.jpg,2,0.98892444
G:/Sign_language_GNN/model/imagedata-main\2\660.jpg,2,0.9821775
G:/Sign_language_GNN/model/imagedata-main\2\661.jpg,2,0.9812555
G:/Sign_language_GNN/model/imagedata-main\2\662.jpg,2,0.9803524
G:/Sign_language_GNN/model/imagedata-main\2\663.jpg,2,0.98002005
G:/Sign_language_GNN/model/imagedata-main\2\664.jpg,2,0.9758446
G:/Sign_language_GNN/model/imagedata-main\2\665.jpg,2,0.9744033
G:/Sign_language_GNN/model/imagedata-main\2\666.jpg,2,0.9707992
G:/Sign_language_GNN/model/imagedata-main\2\667.jpg,2,0.96829337
G:/Sign_language_GNN/model/imagedata-main\2\668.jpg,2,0.9687063
G:/Sign_language_GNN/model/imagedata-main\2\669.jpg,2,0.96491855
G:/Sign_language_GNN/model/imagedata-main\2\67.jpg,2,0.990263
G:/Sign_language_GNN/model/imagedata-main\2\670.jpg,2,0.9658352
G:/Sign_language_GNN/model/imagedata-main\2\671.jpg,2,0.96582294
G:/Sign_language_GNN/model/imagedata-main\2\672.jpg,2,0.96898896
G:/Sign_language_GNN/model/imagedata-main\2\673.jpg,2,0.961103
G:/Sign_language_GNN/model/imagedata-main\2\674.jpg,2,0.96211493
G:/Sign_language_GNN/model/imagedata-main\2\675.jpg,2,0.96824
G:/Sign_language_GNN/model/imagedata-main\2\676.jpg,2,0.964646
G:/Sign_language_GNN/model/imagedata-main\2\677.jpg,2,0.96424586
G:/Sign_language_GNN/model/imagedata-main\2\678.jpg,2,0.96032226
G:/Sign_language_GNN/model/imagedata-main\2\679.jpg,2,0.9636394
G:/Sign_language_GNN/model/imagedata-main\2\68.jpg,2,0.99002457
G:/Sign_language_GNN/model/imagedata-main\2\680.jpg,2,0.9663871
G:/Sign_language_GNN/model/imagedata-main\2\681.jpg,2,0.9631667
G:/Sign_language_GNN/model/imagedata-main\2\682.jpg,2,0.96520966
G:/Sign_language_GNN/model/imagedata-main\2\683.jpg,2,0.96544623
G:/Sign_language_GNN/model/imagedata-main\2\684.jpg,2,0.96761817
G:/Sign_language_GNN/model/imagedata-main\2\685.jpg,2,0.9678858
G:/Sign_language_GNN/model/imagedata-main\2\686.jpg,2,0.9693257
G:/Sign_language_GNN/model/imagedata-main\2\687.jpg,2,0.9706377
G:/Sign_language_GNN/model/imagedata-main\2\688.jpg,2,0.9720737
G:/Sign_language_GNN/model/imagedata-main\2\689.jpg,2,0.97093517
G:/Sign_language_GNN/model/imagedata-main\2\69.jpg,2,0.99092203
G:/Sign_language_GNN/model/imagedata-main\2\690.jpg,2,0.97159225
G:/Sign_language_GNN/model/imagedata-main\2\691.jpg,2,0.9699556
G:/Sign_language_GNN/model/imagedata-main\2\692.jpg,2,0.9734501
G:/Sign_language_GNN/model/imagedata-main\2\693.jpg,2,0.97186553
G:/Sign_language_GNN/model/imagedata-main\2\694.jpg,2,0.9696028
G:/Sign_language_GNN/model/imagedata-main\2\695.jpg,2,0.97069293
G:/Sign_language_GNN/model/imagedata-main\2\696.jpg,2,0.96883833
G:/Sign_language_GNN/model/imagedata-main\2\697.jpg,2,0.9677739
G:/Sign_language_GNN/model/imagedata-main\2\698.jpg,2,0.9634765
G:/Sign_language_GNN/model/imagedata-main\2\699.jpg,2,0.9660672
G:/Sign_language_GNN/model/imagedata-main\2\7.jpg,2,0.9607727
G:/Sign_language_GNN/model/imagedata-main\2\70.jpg,2,0.99109215
G:/Sign_language_GNN/model/imagedata-main\2\700.jpg,2,0.96786064
G:/Sign_language_GNN/model/imagedata-main\2\701.jpg,2,0.9695821
G:/Sign_language_GNN/model/imagedata-main\2\702.jpg,2,0.96684486
G:/Sign_language_GNN/model/imagedata-main\2\703.jpg,2,0.9771444
G:/Sign_language_GNN/model/imagedata-main\2\704.jpg,2,0.9640581
G:/Sign_language_GNN/model/imagedata-main\2\705.jpg,2,0.9705344
G:/Sign_language_GNN/model/imagedata-main\2\706.jpg,2,0.96866
G:/Sign_language_GNN/model/imagedata-main\2\707.jpg,2,0.9664513
G:/Sign_language_GNN/model/imagedata-main\2\708.jpg,2,0.96197397
G:/Sign_language_GNN/model/imagedata-main\2\71.jpg,2,0.9908737
G:/Sign_language_GNN/model/imagedata-main\2\711.jpg,2,0.9679188
G:/Sign_language_GNN/model/imagedata-main\2\712.jpg,2,0.9625964
G:/Sign_language_GNN/model/imagedata-main\2\713.jpg,2,0.96005696
G:/Sign_language_GNN/model/imagedata-main\2\714.jpg,2,0.96429086
G:/Sign_language_GNN/model/imagedata-main\2\715.jpg,2,0.9868117
G:/Sign_language_GNN/model/imagedata-main\2\716.jpg,2,0.98068905
G:/Sign_language_GNN/model/imagedata-main\2\717.jpg,2,0.98050755
G:/Sign_language_GNN/model/imagedata-main\2\718.jpg,2,0.9813812
G:/Sign_language_GNN/model/imagedata-main\2\719.jpg,2,0.979153
G:/Sign_language_GNN/model/imagedata-main\2\72.jpg,2,0.9894593
G:/Sign_language_GNN/model/imagedata-main\2\720.jpg,2,0.9797752
G:/Sign_language_GNN/model/imagedata-main\2\721.jpg,2,0.98103905
G:/Sign_language_GNN/model/imagedata-main\2\722.jpg,2,0.97874796
G:/Sign_language_GNN/model/imagedata-main\2\723.jpg,2,0.9814324
G:/Sign_language_GNN/model/imagedata-main\2\724.jpg,2,0.9772989
G:/Sign_language_GNN/model/imagedata-main\2\725.jpg,2,0.98310304
G:/Sign_language_GNN/model/imagedata-main\2\726.jpg,2,0.98361003
G:/Sign_language_GNN/model/imagedata-main\2\727.jpg,2,0.98545724
G:/Sign_language_GNN/model/imagedata-main\2\728.jpg,2,0.98770344
G:/Sign_language_GNN/model/imagedata-main\2\729.jpg,2,0.98851854
G:/Sign_language_GNN/model/imagedata-main\2\73.jpg,2,0.98839873
G:/Sign_language_GNN/model/imagedata-main\2\730.jpg,2,0.98874843
G:/Sign_language_GNN/model/imagedata-main\2\731.jpg,2,0.9884488
G:/Sign_language_GNN/model/imagedata-main\2\732.jpg,2,0.99047804
G:/Sign_language_GNN/model/imagedata-main\2\733.jpg,2,0.9905117
G:/Sign_language_GNN/model/imagedata-main\2\734.jpg,2,0.9910183
G:/Sign_language_GNN/model/imagedata-main\2\735.jpg,2,0.98794913
G:/Sign_language_GNN/model/imagedata-main\2\736.jpg,2,0.98789483
G:/Sign_language_GNN/model/imagedata-main\2\737.jpg,2,0.98750025
G:/Sign_language_GNN/model/imagedata-main\2\738.jpg,2,0.9869583
G:/Sign_language_GNN/model/imagedata-main\2\739.jpg,2,0.98390585
G:/Sign_language_GNN/model/imagedata-main\2\74.jpg,2,0.9857254
G:/Sign_language_GNN/model/imagedata-main\2\740.jpg,2,0.98371696
G:/Sign_language_GNN/model/imagedata-main\2\741.jpg,2,0.9833136
G:/Sign_language_GNN/model/imagedata-main\2\742.jpg,2,0.9831819
G:/Sign_language_GNN/model/imagedata-main\2\743.jpg,2,0.9807489
G:/Sign_language_GNN/model/imagedata-main\2\744.jpg,2,0.98204845
G:/Sign_language_GNN/model/imagedata-main\2\745.jpg,2,0.9826543
G:/Sign_language_GNN/model/imagedata-main\2\746.jpg,2,0.9846268
G:/Sign_language_GNN/model/imagedata-main\2\747.jpg,2,0.9857201
G:/Sign_language_GNN/model/imagedata-main\2\748.jpg,2,0.98542273
G:/Sign_language_GNN/model/imagedata-main\2\749.jpg,2,0.9873347
G:/Sign_language_GNN/model/imagedata-main\2\75.jpg,2,0.98544216
G:/Sign_language_GNN/model/imagedata-main\2\750.jpg,2,0.98874307
G:/Sign_language_GNN/model/imagedata-main\2\751.jpg,2,0.9891236
G:/Sign_language_GNN/model/imagedata-main\2\752.jpg,2,0.988473
G:/Sign_language_GNN/model/imagedata-main\2\753.jpg,2,0.99185973
G:/Sign_language_GNN/model/imagedata-main\2\754.jpg,2,0.9902816
G:/Sign_language_GNN/model/imagedata-main\2\755.jpg,2,0.9921278
G:/Sign_language_GNN/model/imagedata-main\2\756.jpg,2,0.98924726
G:/Sign_language_GNN/model/imagedata-main\2\757.jpg,2,0.98894006
G:/Sign_language_GNN/model/imagedata-main\2\758.jpg,2,0.9861081
G:/Sign_language_GNN/model/imagedata-main\2\759.jpg,2,0.99194396
G:/Sign_language_GNN/model/imagedata-main\2\76.jpg,2,0.9814005
G:/Sign_language_GNN/model/imagedata-main\2\760.jpg,2,0.9943634
G:/Sign_language_GNN/model/imagedata-main\2\761.jpg,2,0.98995656
G:/Sign_language_GNN/model/imagedata-main\2\762.jpg,2,0.98752415
G:/Sign_language_GNN/model/imagedata-main\2\763.jpg,2,0.9876217
G:/Sign_language_GNN/model/imagedata-main\2\764.jpg,2,0.9874692
G:/Sign_language_GNN/model/imagedata-main\2\765.jpg,2,0.98663354
G:/Sign_language_GNN/model/imagedata-main\2\766.jpg,2,0.9843448
G:/Sign_language_GNN/model/imagedata-main\2\767.jpg,2,0.9932446
G:/Sign_language_GNN/model/imagedata-main\2\768.jpg,2,0.9774845
G:/Sign_language_GNN/model/imagedata-main\2\769.jpg,2,0.9784696
G:/Sign_language_GNN/model/imagedata-main\2\77.jpg,2,0.98116916
G:/Sign_language_GNN/model/imagedata-main\2\770.jpg,2,0.9779196
G:/Sign_language_GNN/model/imagedata-main\2\771.jpg,2,0.98045635
G:/Sign_language_GNN/model/imagedata-main\2\772.jpg,2,0.98020923
G:/Sign_language_GNN/model/imagedata-main\2\773.jpg,2,0.9796807
G:/Sign_language_GNN/model/imagedata-main\2\774.jpg,2,0.9772037
G:/Sign_language_GNN/model/imagedata-main\2\775.jpg,2,0.9772415
G:/Sign_language_GNN/model/imagedata-main\2\776.jpg,2,0.9793068
G:/Sign_language_GNN/model/imagedata-main\2\777.jpg,2,0.9788239
G:/Sign_language_GNN/model/imagedata-main\2\778.jpg,2,0.97483295
G:/Sign_language_GNN/model/imagedata-main\2\779.jpg,2,0.9775979
G:/Sign_language_GNN/model/imagedata-main\2\78.jpg,2,0.9720711
G:/Sign_language_GNN/model/imagedata-main\2\780.jpg,2,0.9774979
G:/Sign_language_GNN/model/imagedata-main\2\781.jpg,2,0.97961205
G:/Sign_language_GNN/model/imagedata-main\2\782.jpg,2,0.9786937
G:/Sign_language_GNN/model/imagedata-main\2\783.jpg,2,0.9805478
G:/Sign_language_GNN/model/imagedata-main\2\784.jpg,2,0.9809153
G:/Sign_language_GNN/model/imagedata-main\2\785.jpg,2,0.98249197
G:/Sign_language_GNN/model/imagedata-main\2\786.jpg,2,0.9969914
G:/Sign_language_GNN/model/imagedata-main\2\787.jpg,2,0.9874607
G:/Sign_language_GNN/model/imagedata-main\2\788.jpg,2,0.9884409
G:/Sign_language_GNN/model/imagedata-main\2\789.jpg,2,0.98655635
G:/Sign_language_GNN/model/imagedata-main\2\79.jpg,2,0.9689068
G:/Sign_language_GNN/model/imagedata-main\2\790.jpg,2,0.99140054
G:/Sign_language_GNN/model/imagedata-main\2\791.jpg,2,0.9907194
G:/Sign_language_GNN/model/imagedata-main\2\792.jpg,2,0.9889839
G:/Sign_language_GNN/model/imagedata-main\2\793.jpg,2,0.9895627
G:/Sign_language_GNN/model/imagedata-main\2\794.jpg,2,0.99121034
G:/Sign_language_GNN/model/imagedata-main\2\795.jpg,2,0.9925626
G:/Sign_language_GNN/model/imagedata-main\2\796.jpg,2,0.99246854
G:/Sign_language_GNN/model/imagedata-main\2\797.jpg,2,0.9882515
G:/Sign_language_GNN/model/imagedata-main\2\799.jpg,2,0.99641716
G:/Sign_language_GNN/model/imagedata-main\2\8.jpg,2,0.9653497
G:/Sign_language_GNN/model/imagedata-main\2\80.jpg,2,0.96373105
G:/Sign_language_GNN/model/imagedata-main\2\800.jpg,2,0.9850413
G:/Sign_language_GNN/model/imagedata-main\2\801.jpg,2,0.98949146
G:/Sign_language_GNN/model/imagedata-main\2\802.jpg,0,0.6781323
G:/Sign_language_GNN/model/imagedata-main\2\803.jpg,2,0.9891122
G:/Sign_language_GNN/model/imagedata-main\2\804.jpg,2,0.9892413
G:/Sign_language_GNN/model/imagedata-main\2\805.jpg,2,0.9893281
G:/Sign_language_GNN/model/imagedata-main\2\806.jpg,2,0.98802525
G:/Sign_language_GNN/model/imagedata-main\2\807.jpg,2,0.98463887
G:/Sign_language_GNN/model/imagedata-main\2\808.jpg,2,0.9809471
G:/Sign_language_GNN/model/imagedata-main\2\809.jpg,2,0.98163843
G:/Sign_language_GNN/model/imagedata-main\2\81.jpg,2,0.954296
G:/Sign_language_GNN/model/imagedata-main\2\810.jpg,2,0.9783391
G:/Sign_language_GNN/model/imagedata-main\2\811.jpg,2,0.8637276
G:/Sign_language_GNN/model/imagedata-main\2\812.jpg,2,0.9897766
G:/Sign_language_GNN/model/imagedata-main\2\813.jpg,2,0.9967272
G:/Sign_language_GNN/model/imagedata-main\2\814.jpg,2,0.99644583
G:/Sign_language_GNN/model/imagedata-main\2\815.jpg,2,0.9924313
G:/Sign_language_GNN/model/imagedata-main\2\816.jpg,2,0.9812454
G:/Sign_language_GNN/model/imagedata-main\2\817.jpg,2,0.987496
G:/Sign_language_GNN/model/imagedata-main\2\818.jpg,2,0.9921863
G:/Sign_language_GNN/model/imagedata-main\2\819.jpg,2,0.9832866
G:/Sign_language_GNN/model/imagedata-main\2\82.jpg,2,0.95472115
G:/Sign_language_GNN/model/imagedata-main\2\820.jpg,2,0.9782341
G:/Sign_language_GNN/model/imagedata-main\2\821.jpg,2,0.9782341
G:/Sign_language_GNN/model/imagedata-main\2\822.jpg,2,0.9768347
G:/Sign_language_GNN/model/imagedata-main\2\823.jpg,2,0.9684709
G:/Sign_language_GNN/model/imagedata-main\2\824.jpg,2,0.9689343
G:/Sign_language_GNN/model/imagedata-main\2\825.jpg,2,0.96802986
G:/Sign_language_GNN/model/imagedata-main\2\826.jpg,2,0.96959877
G:/Sign_language_GNN/model/imagedata-main\2\827.jpg,2,0.97203875
G:/Sign_language_GNN/model/imagedata-main\2\828.jpg,2,0.969585
G:/Sign_language_GNN/model/imagedata-main\2\83.jpg,2,0.94097674
G:/Sign_language_GNN/model/imagedata-main\2\830.jpg,2,0.983757
G:/Sign_language_GNN/model/imagedata-main\2\831.jpg,2,0.99762493
G:/Sign_language_GNN/model/imagedata-main\2\832.jpg,2,0.997482
G:/Sign_language_GNN/model/imagedata-main\2\833.jpg,2,0.9967348
G:/Sign_language_GNN/model/imagedata-main\2\834.jpg,2,0.99485284
G:/Sign_language_GNN/model/imagedata-main\2\835.jpg,2,0.9915331
G:/Sign_language_GNN/model/imagedata-main\2\836.jpg,2,0.9881974
G:/Sign_language_GNN/model/imagedata-main\2\837.jpg,2,0.9871043
G:/Sign_language_GNN/model/imagedata-main\2\838.jpg,2,0.9879224
G:/Sign_language_GNN/model/imagedata-main\2\839.jpg,2,0.9958839
G:/Sign_language_GNN/model/imagedata-main\2\84.jpg,2,0.9301009
G:/Sign_language_GNN/model/imagedata-main\2\840.jpg,2,0.9794836
G:/Sign_language_GNN/model/imagedata-main\2\841.jpg,2,0.9735781
G:/Sign_language_GNN/model/imagedata-main\2\842.jpg,2,0.97304654
G:/Sign_language_GNN/model/imagedata-main\2\843.jpg,2,0.9736562
G:/Sign_language_GNN/model/imagedata-main\2\844.jpg,2,0.97175556
G:/Sign_language_GNN/model/imagedata-main\2\845.jpg,2,0.97665536
G:/Sign_language_GNN/model/imagedata-main\2\846.jpg,2,0.9758591
G:/Sign_language_GNN/model/imagedata-main\2\847.jpg,2,0.97518677
G:/Sign_language_GNN/model/imagedata-main\2\848.jpg,2,0.97498757
G:/Sign_language_GNN/model/imagedata-main\2\849.jpg,2,0.9745025
G:/Sign_language_GNN/model/imagedata-main\2\85.jpg,2,0.9301009
G:/Sign_language_GNN/model/imagedata-main\2\850.jpg,2,0.97560453
G:/Sign_language_GNN/model/imagedata-main\2\851.jpg,2,0.9776433
G:/Sign_language_GNN/model/imagedata-main\2\852.jpg,2,0.9794109
G:/Sign_language_GNN/model/imagedata-main\2\853.jpg,2,0.9772953
G:/Sign_language_GNN/model/imagedata-main\2\854.jpg,2,0.9709798
G:/Sign_language_GNN/model/imagedata-main\2\855.jpg,2,0.972392
G:/Sign_language_GNN/model/imagedata-main\2\856.jpg,2,0.9714399
G:/Sign_language_GNN/model/imagedata-main\2\857.jpg,2,0.97126186
G:/Sign_language_GNN/model/imagedata-main\2\858.jpg,2,0.97046787
G:/Sign_language_GNN/model/imagedata-main\2\859.jpg,2,0.9698259
G:/Sign_language_GNN/model/imagedata-main\2\86.jpg,2,0.948683
G:/Sign_language_GNN/model/imagedata-main\2\860.jpg,2,0.9692132
G:/Sign_language_GNN/model/imagedata-main\2\861.jpg,2,0.971193
G:/Sign_language_GNN/model/imagedata-main\2\862.jpg,2,0.9694052
G:/Sign_language_GNN/model/imagedata-main\2\863.jpg,2,0.96940506
G:/Sign_language_GNN/model/imagedata-main\2\864.jpg,2,0.9696256
G:/Sign_language_GNN/model/imagedata-main\2\865.jpg,2,0.96957886
G:/Sign_language_GNN/model/imagedata-main\2\866.jpg,2,0.96988374
G:/Sign_language_GNN/model/imagedata-main\2\867.jpg,2,0.9695136
G:/Sign_language_GNN/model/imagedata-main\2\868.jpg,2,0.9683012
G:/Sign_language_GNN/model/imagedata-main\2\869.jpg,2,0.96933424
G:/Sign_language_GNN/model/imagedata-main\2\87.jpg,2,0.9507924
G:/Sign_language_GNN/model/imagedata-main\2\870.jpg,2,0.9670059
G:/Sign_language_GNN/model/imagedata-main\2\871.jpg,2,0.96827716
G:/Sign_language_GNN/model/imagedata-main\2\872.jpg,2,0.9660777
G:/Sign_language_GNN/model/imagedata-main\2\873.jpg,2,0.9729006
G:/Sign_language_GNN/model/imagedata-main\2\874.jpg,2,0.96979463
G:/Sign_language_GNN/model/imagedata-main\2\875.jpg,2,0.9732171
G:/Sign_language_GNN/model/imagedata-main\2\876.jpg,2,0.98017156
G:/Sign_language_GNN/model/imagedata-main\2\877.jpg,2,0.9804552
G:/Sign_language_GNN/model/imagedata-main\2\878.jpg,2,0.9829265
G:/Sign_language_GNN/model/imagedata-main\2\879.jpg,2,0.9842306
G:/Sign_language_GNN/model/imagedata-main\2\88.jpg,2,0.959323
G:/Sign_language_GNN/model/imagedata-main\2\880.jpg,2,0.98394334
G:/Sign_language_GNN/model/imagedata-main\2\881.jpg,2,0.9859161
G:/Sign_language_GNN/model/imagedata-main\2\882.jpg,2,0.985756
G:/Sign_language_GNN/model/imagedata-main\2\883.jpg,2,0.9863625
G:/Sign_language_GNN/model/imagedata-main\2\884.jpg,2,0.98203146
G:/Sign_language_GNN/model/imagedata-main\2\885.jpg,2,0.9817499
G:/Sign_language_GNN/model/imagedata-main\2\886.jpg,2,0.9829928
G:/Sign_language_GNN/model/imagedata-main\2\889.jpg,2,0.9859089
G:/Sign_language_GNN/model/imagedata-main\2\89.jpg,2,0.96523875
G:/Sign_language_GNN/model/imagedata-main\2\892.jpg,2,0.9878059
G:/Sign_language_GNN/model/imagedata-main\2\893.jpg,2,0.98832905
G:/Sign_language_GNN/model/imagedata-main\2\894.jpg,2,0.9880482
G:/Sign_language_GNN/model/imagedata-main\2\895.jpg,2,0.9890751
G:/Sign_language_GNN/model/imagedata-main\2\896.jpg,2,0.98806053
G:/Sign_language_GNN/model/imagedata-main\2\897.jpg,2,0.9890708
G:/Sign_language_GNN/model/imagedata-main\2\898.jpg,2,0.98832464
G:/Sign_language_GNN/model/imagedata-main\2\899.jpg,2,0.9866882
G:/Sign_language_GNN/model/imagedata-main\2\9.jpg,2,0.9660324
G:/Sign_language_GNN/model/imagedata-main\2\90.jpg,2,0.96883506
G:/Sign_language_GNN/model/imagedata-main\2\900.jpg,2,0.9880436
G:/Sign_language_GNN/model/imagedata-main\2\901.jpg,2,0.98745954
G:/Sign_language_GNN/model/imagedata-main\2\902.jpg,2,0.9865067
G:/Sign_language_GNN/model/imagedata-main\2\903.jpg,2,0.987129
G:/Sign_language_GNN/model/imagedata-main\2\904.jpg,2,0.9858723
G:/Sign_language_GNN/model/imagedata-main\2\905.jpg,2,0.9847172
G:/Sign_language_GNN/model/imagedata-main\2\906.jpg,2,0.94242054
G:/Sign_language_GNN/model/imagedata-main\2\907.jpg,2,0.9727183
G:/Sign_language_GNN/model/imagedata-main\2\908.jpg,2,0.97405463
G:/Sign_language_GNN/model/imagedata-main\2\909.jpg,2,0.9693403
G:/Sign_language_GNN/model/imagedata-main\2\91.jpg,2,0.96973944
G:/Sign_language_GNN/model/imagedata-main\2\910.jpg,2,0.96562564
G:/Sign_language_GNN/model/imagedata-main\2\911.jpg,2,0.96007055
G:/Sign_language_GNN/model/imagedata-main\2\912.jpg,2,0.9471601
G:/Sign_language_GNN/model/imagedata-main\2\913.jpg,2,0.9465159
G:/Sign_language_GNN/model/imagedata-main\2\914.jpg,2,0.9396158
G:/Sign_language_GNN/model/imagedata-main\2\915.jpg,2,0.9369282
G:/Sign_language_GNN/model/imagedata-main\2\916.jpg,2,0.93426734
G:/Sign_language_GNN/model/imagedata-main\2\917.jpg,2,0.93381006
G:/Sign_language_GNN/model/imagedata-main\2\918.jpg,2,0.93371475
G:/Sign_language_GNN/model/imagedata-main\2\919.jpg,2,0.93963265
G:/Sign_language_GNN/model/imagedata-main\2\92.jpg,2,0.97261375
G:/Sign_language_GNN/model/imagedata-main\2\920.jpg,2,0.946063
G:/Sign_language_GNN/model/imagedata-main\2\921.jpg,2,0.94601804
G:/Sign_language_GNN/model/imagedata-main\2\922.jpg,2,0.9491945
G:/Sign_language_GNN/model/imagedata-main\2\923.jpg,2,0.94974065
G:/Sign_language_GNN/model/imagedata-main\2\924.jpg,2,0.93849635
G:/Sign_language_GNN/model/imagedata-main\2\925.jpg,2,0.9340365
G:/Sign_language_GNN/model/imagedata-main\2\926.jpg,2,0.9026455
G:/Sign_language_GNN/model/imagedata-main\2\927.jpg,2,0.83292943
G:/Sign_language_GNN/model/imagedata-main\2\928.jpg,2,0.7771778
G:/Sign_language_GNN/model/imagedata-main\2\929.jpg,2,0.8448114
G:/Sign_language_GNN/model/imagedata-main\2\93.jpg,2,0.9504959
G:/Sign_language_GNN/model/imagedata-main\2\930.jpg,2,0.83668435
G:/Sign_language_GNN/model/imagedata-main\2\931.jpg,2,0.9313253
G:/Sign_language_GNN/model/imagedata-main\2\932.jpg,2,0.931168
G:/Sign_language_GNN/model/imagedata-main\2\933.jpg,2,0.9178189
G:/Sign_language_GNN/model/imagedata-main\2\934.jpg,2,0.9339004
G:/Sign_language_GNN/model/imagedata-main\2\935.jpg,2,0.94342405
G:/Sign_language_GNN/model/imagedata-main\2\936.jpg,2,0.9441876
G:/Sign_language_GNN/model/imagedata-main\2\937.jpg,2,0.9429812
G:/Sign_language_GNN/model/imagedata-main\2\938.jpg,2,0.9404347
G:/Sign_language_GNN/model/imagedata-main\2\939.jpg,2,0.9352768
G:/Sign_language_GNN/model/imagedata-main\2\94.jpg,2,0.94114566
G:/Sign_language_GNN/model/imagedata-main\2\940.jpg,1,0.56924635
G:/Sign_language_GNN/model/imagedata-main\2\941.jpg,2,0.62203294
G:/Sign_language_GNN/model/imagedata-main\2\942.jpg,2,0.9736308
G:/Sign_language_GNN/model/imagedata-main\2\943.jpg,2,0.9738719
G:/Sign_language_GNN/model/imagedata-main\2\944.jpg,2,0.9780532
G:/Sign_language_GNN/model/imagedata-main\2\945.jpg,2,0.9794113
G:/Sign_language_GNN/model/imagedata-main\2\946.jpg,2,0.9737645
G:/Sign_language_GNN/model/imagedata-main\2\947.jpg,2,0.9728483
G:/Sign_language_GNN/model/imagedata-main\2\948.jpg,2,0.9733846
G:/Sign_language_GNN/model/imagedata-main\2\949.jpg,2,0.97151864
G:/Sign_language_GNN/model/imagedata-main\2\95.jpg,2,0.9438154
G:/Sign_language_GNN/model/imagedata-main\2\950.jpg,2,0.96968955
G:/Sign_language_GNN/model/imagedata-main\2\951.jpg,2,0.96943027
G:/Sign_language_GNN/model/imagedata-main\2\952.jpg,2,0.96935564
G:/Sign_language_GNN/model/imagedata-main\2\953.jpg,2,0.96958196
G:/Sign_language_GNN/model/imagedata-main\2\954.jpg,2,0.9682474
G:/Sign_language_GNN/model/imagedata-main\2\955.jpg,2,0.970454
G:/Sign_language_GNN/model/imagedata-main\2\956.jpg,2,0.969054
G:/Sign_language_GNN/model/imagedata-main\2\957.jpg,2,0.96769375
G:/Sign_language_GNN/model/imagedata-main\2\958.jpg,2,0.96843195
G:/Sign_language_GNN/model/imagedata-main\2\959.jpg,2,0.9677613
G:/Sign_language_GNN/model/imagedata-main\2\96.jpg,2,0.9503607
G:/Sign_language_GNN/model/imagedata-main\2\960.jpg,2,0.96807086
G:/Sign_language_GNN/model/imagedata-main\2\961.jpg,2,0.9684355
G:/Sign_language_GNN/model/imagedata-main\2\962.jpg,2,0.96842736
G:/Sign_language_GNN/model/imagedata-main\2\963.jpg,2,0.9689886
G:/Sign_language_GNN/model/imagedata-main\2\964.jpg,2,0.97084326
G:/Sign_language_GNN/model/imagedata-main\2\965.jpg,2,0.9654813
G:/Sign_language_GNN/model/imagedata-main\2\966.jpg,2,0.970258
G:/Sign_language_GNN/model/imagedata-main\2\967.jpg,2,0.9880315
G:/Sign_language_GNN/model/imagedata-main\2\968.jpg,2,0.9929807
G:/Sign_language_GNN/model/imagedata-main\2\969.jpg,2,0.9939313
G:/Sign_language_GNN/model/imagedata-main\2\97.jpg,2,0.9580545
G:/Sign_language_GNN/model/imagedata-main\2\970.jpg,2,0.9945463
G:/Sign_language_GNN/model/imagedata-main\2\971.jpg,2,0.9978866
G:/Sign_language_GNN/model/imagedata-main\2\972.jpg,2,0.99717593
G:/Sign_language_GNN/model/imagedata-main\2\973.jpg,2,0.9980281
G:/Sign_language_GNN/model/imagedata-main\2\974.jpg,2,0.99771786
G:/Sign_language_GNN/model/imagedata-main\2\975.jpg,2,0.9957579
G:/Sign_language_GNN/model/imagedata-main\2\976.jpg,2,0.9957579
G:/Sign_language_GNN/model/imagedata-main\2\977.jpg,2,0.9504691
G:/Sign_language_GNN/model/imagedata-main\2\978.jpg,2,0.99875224
G:/Sign_language_GNN/model/imagedata-main\2\979.jpg,2,0.9985014
G:/Sign_language_GNN/model/imagedata-main\2\98.jpg,2,0.96049786
G:/Sign_language_GNN/model/imagedata-main\2\980.jpg,2,0.99847263
G:/Sign_language_GNN/model/imagedata-main\2\981.jpg,2,0.9983063
G:/Sign_language_GNN/model/imagedata-main\2\982.jpg,2,0.99875057
G:/Sign_language_GNN/model/imagedata-main\2\983.jpg,2,0.99845934
G:/Sign_language_GNN/model/imagedata-main\2\984.jpg,2,0.99830866
G:/Sign_language_GNN/model/imagedata-main\2\985.jpg,2,0.99775237
G:/Sign_language_GNN/model/imagedata-main\2\986.jpg,2,0.9971765
G:/Sign_language_GNN/model/imagedata-main\2\987.jpg,2,0.9979589
G:/Sign_language_GNN/model/imagedata-main\2\988.jpg,2,0.99811745
G:/Sign_language_GNN/model/imagedata-main\2\989.jpg,2,0.99856085
G:/Sign_language_GNN/model/imagedata-main\2\99.jpg,2,0.9605105
G:/Sign_language_GNN/model/imagedata-main\2\990.jpg,2,0.9986033
G:/Sign_language_GNN/model/imagedata-main\2\991.jpg,2,0.9983687
G:/Sign_language_GNN/model/imagedata-main\2\992.jpg,2,0.9989329
G:/Sign_language_GNN/model/imagedata-main\2\993.jpg,2,0.9988065
G:/Sign_language_GNN/model/imagedata-main\2\994.jpg,2,0.9987734
G:/Sign_language_GNN/model/imagedata-main\2\995.jpg,2,0.998379
G:/Sign_language_GNN/model/imagedata-main\2\996.jpg,2,0.99850094
G:/Sign_language_GNN/model/imagedata-main\2\997.jpg,2,0.9984377
G:/Sign_language_GNN/model/imagedata-main\2\998.jpg,2,0.9985397
G:/Sign_language_GNN/model/imagedata-main\2\999.jpg,2,0.9774745
G:/Sign_language_GNN/model/imagedata-main\A\0.jpg,0,0.7686326
G:/Sign_language_GNN/model/imagedata-main\A\1.jpg,0,0.7250263
G:/Sign_language_GNN/model/imagedata-main\A\10.jpg,0,0.7101499
G:/Sign_language_GNN/model/imagedata-main\A\100.jpg,A,0.9751458
G:/Sign_language_GNN/model/imagedata-main\A\101.jpg,A,0.9708963
G:/Sign_language_GNN/model/imagedata-main\A\102.jpg,A,0.97536147
G:/Sign_language_GNN/model/imagedata-main\A\103.jpg,A,0.96770734
G:/Sign_language_GNN/model/imagedata-main\A\104.jpg,A,0.9757237
G:/Sign_language_GNN/model/imagedata-main\A\105.jpg,A,0.9772069
G:/Sign_language_GNN/model/imagedata-main\A\106.jpg,A,0.96907884
G:/Sign_language_GNN/model/imagedata-main\A\107.jpg,A,0.96984833
G:/Sign_language_GNN/model/imagedata-main\A\108.jpg,A,0.97262484
G:/Sign_language_GNN/model/imagedata-main\A\109.jpg,A,0.9744003
G:/Sign_language_GNN/model/imagedata-main\A\11.jpg,0,0.7061056
G:/Sign_language_GNN/model/imagedata-main\A\110.jpg,A,0.97465736
G:/Sign_language_GNN/model/imagedata-main\A\111.jpg,A,0.97075313
G:/Sign_language_GNN/model/imagedata-main\A\112.jpg,A,0.97134846
G:/Sign_language_GNN/model/imagedata-main\A\113.jpg,A,0.9743391
G:/Sign_language_GNN/model/imagedata-main\A\114.jpg,A,0.974498
G:/Sign_language_GNN/model/imagedata-main\A\115.jpg,A,0.97208256
G:/Sign_language_GNN/model/imagedata-main\A\116.jpg,A,0.96918553
G:/Sign_language_GNN/model/imagedata-main\A\117.jpg,A,0.9698557
G:/Sign_language_GNN/model/imagedata-main\A\118.jpg,A,0.97006536
G:/Sign_language_GNN/model/imagedata-main\A\119.jpg,A,0.97388196
G:/Sign_language_GNN/model/imagedata-main\A\12.jpg,0,0.68642396
G:/Sign_language_GNN/model/imagedata-main\A\120.jpg,A,0.97214794
G:/Sign_language_GNN/model/imagedata-main\A\121.jpg,A,0.9743405
G:/Sign_language_GNN/model/imagedata-main\A\122.jpg,A,0.9751081
G:/Sign_language_GNN/model/imagedata-main\A\123.jpg,A,0.9735694
G:/Sign_language_GNN/model/imagedata-main\A\124.jpg,A,0.97340065
G:/Sign_language_GNN/model/imagedata-main\A\125.jpg,A,0.9650073
G:/Sign_language_GNN/model/imagedata-main\A\126.jpg,A,0.96868557
G:/Sign_language_GNN/model/imagedata-main\A\127.jpg,A,0.9564895
G:/Sign_language_GNN/model/imagedata-main\A\128.jpg,A,0.9734634
G:/Sign_language_GNN/model/imagedata-main\A\129.jpg,A,0.9818741
G:/Sign_language_GNN/model/imagedata-main\A\13.jpg,0,0.6990809
G:/Sign_language_GNN/model/imagedata-main\A\131.jpg,A,0.9800586
G:/Sign_language_GNN/model/imagedata-main\A\132.jpg,A,0.83222497
G:/Sign_language_GNN/model/imagedata-main\A\14.jpg,0,0.7083176
G:/Sign_language_GNN/model/imagedata-main\A\142.jpg,A,0.9638441
G:/Sign_language_GNN/model/imagedata-main\A\143.jpg,A,0.97772264
G:/Sign_language_GNN/model/imagedata-main\A\144.jpg,A,0.9633084
G:/Sign_language_GNN/model/imagedata-main\A\145.jpg,A,0.88274384
G:/Sign_language_GNN/model/imagedata-main\A\146.jpg,A,0.9269534
G:/Sign_language_GNN/model/imagedata-main\A\147.jpg,A,0.98392606
G:/Sign_language_GNN/model/imagedata-main\A\148.jpg,A,0.9769399
G:/Sign_language_GNN/model/imagedata-main\A\149.jpg,A,0.98327535
G:/Sign_language_GNN/model/imagedata-main\A\15.jpg,0,0.60343367
G:/Sign_language_GNN/model/imagedata-main\A\150.jpg,A,0.9794502
G:/Sign_language_GNN/model/imagedata-main\A\16.jpg,0,0.6493352
G:/Sign_language_GNN/model/imagedata-main\A\17.jpg,0,0.7121174
G:/Sign_language_GNN/model/imagedata-main\A\18.jpg,0,0.723755
G:/Sign_language_GNN/model/imagedata-main\A\19.jpg,0,0.5831397
G:/Sign_language_GNN/model/imagedata-main\A\2.jpg,0,0.6586071
G:/Sign_language_GNN/model/imagedata-main\A\20.jpg,0,0.617958
G:/Sign_language_GNN/model/imagedata-main\A\21.jpg,0,0.7786023
G:/Sign_language_GNN/model/imagedata-main\A\22.jpg,0,0.7003173
G:/Sign_language_GNN/model/imagedata-main\A\23.jpg,0,0.7009604
G:/Sign_language_GNN/model/imagedata-main\A\24.jpg,0,0.79858255
G:/Sign_language_GNN/model/imagedata-main\A\25.jpg,0,0.7731071
G:/Sign_language_GNN/model/imagedata-main\A\26.jpg,0,0.7389614
G:/Sign_language_GNN/model/imagedata-main\A\27.jpg,0,0.70714116
G:/Sign_language_GNN/model/imagedata-main\A\28.jpg,0,0.7180483
G:/Sign_language_GNN/model/imagedata-main\A\29.jpg,0,0.59714675
G:/Sign_language_GNN/model/imagedata-main\A\3.jpg,0,0.65744704
G:/Sign_language_GNN/model/imagedata-main\A\30.jpg,0,0.57822144
G:/Sign_language_GNN/model/imagedata-main\A\31.jpg,0,0.5949667
G:/Sign_language_GNN/model/imagedata-main\A\32.jpg,0,0.5906497
G:/Sign_language_GNN/model/imagedata-main\A\33.jpg,0,0.58809257
G:/Sign_language_GNN/model/imagedata-main\A\34.jpg,0,0.5980161
G:/Sign_language_GNN/model/imagedata-main\A\35.jpg,0,0.5885286
G:/Sign_language_GNN/model/imagedata-main\A\36.jpg,0,0.5749651
G:/Sign_language_GNN/model/imagedata-main\A\37.jpg,0,0.57947755
G:/Sign_language_GNN/model/imagedata-main\A\38.jpg,0,0.58964366
G:/Sign_language_GNN/model/imagedata-main\A\39.jpg,0,0.58505094
G:/Sign_language_GNN/model/imagedata-main\A\4.jpg,0,0.69761837
G:/Sign_language_GNN/model/imagedata-main\A\40.jpg,0,0.58238095
G:/Sign_language_GNN/model/imagedata-main\A\41.jpg,0,0.5845784
G:/Sign_language_GNN/model/imagedata-main\A\42.jpg,0,0.5829959
G:/Sign_language_GNN/model/imagedata-main\A\43.jpg,0,0.5859628
G:/Sign_language_GNN/model/imagedata-main\A\44.jpg,0,0.58090776
G:/Sign_language_GNN/model/imagedata-main\A\45.jpg,0,0.59030974
G:/Sign_language_GNN/model/imagedata-main\A\46.jpg,0,0.5890854
G:/Sign_language_GNN/model/imagedata-main\A\47.jpg,0,0.58639777
G:/Sign_language_GNN/model/imagedata-main\A\48.jpg,0,0.596921
G:/Sign_language_GNN/model/imagedata-main\A\49.jpg,0,0.5868595
G:/Sign_language_GNN/model/imagedata-main\A\5.jpg,0,0.6711479
G:/Sign_language_GNN/model/imagedata-main\A\50.jpg,0,0.5787286
G:/Sign_language_GNN/model/imagedata-main\A\51.jpg,0,0.58051693
G:/Sign_language_GNN/model/imagedata-main\A\52.jpg,0,0.58051693
G:/Sign_language_GNN/model/imagedata-main\A\53.jpg,0,0.58668846
G:/Sign_language_GNN/model/imagedata-main\A\54.jpg,0,0.5865842
G:/Sign_language_GNN/model/imagedata-main\A\55.jpg,0,0.578505
G:/Sign_language_GNN/model/imagedata-main\A\56.jpg,0,0.58438116
G:/Sign_language_GNN/model/imagedata-main\A\57.jpg,0,0.58627063
G:/Sign_language_GNN/model/imagedata-main\A\58.jpg,0,0.59226435
G:/Sign_language_GNN/model/imagedata-main\A\59.jpg,0,0.58859164
G:/Sign_language_GNN/model/imagedata-main\A\6.jpg,0,0.6873176
G:/Sign_language_GNN/model/imagedata-main\A\60.jpg,0,0.5897537
G:/Sign_language_GNN/model/imagedata-main\A\61.jpg,0,0.5902548
G:/Sign_language_GNN/model/imagedata-main\A\62.jpg,0,0.5691987
G:/Sign_language_GNN/model/imagedata-main\A\64.jpg,A,0.8811798
G:/Sign_language_GNN/model/imagedata-main\A\65.jpg,A,0.9505062
G:/Sign_language_GNN/model/imagedata-main\A\66.jpg,A,0.9246496
G:/Sign_language_GNN/model/imagedata-main\A\68.jpg,A,0.93041575
G:/Sign_language_GNN/model/imagedata-main\A\7.jpg,0,0.6913243
G:/Sign_language_GNN/model/imagedata-main\A\70.jpg,A,0.932657
G:/Sign_language_GNN/model/imagedata-main\A\71.jpg,A,0.9273952
G:/Sign_language_GNN/model/imagedata-main\A\73.jpg,A,0.8425016
G:/Sign_language_GNN/model/imagedata-main\A\74.jpg,A,0.91638374
G:/Sign_language_GNN/model/imagedata-main\A\75.jpg,A,0.9465185
G:/Sign_language_GNN/model/imagedata-main\A\77.jpg,A,0.95877475
G:/Sign_language_GNN/model/imagedata-main\A\78.jpg,A,0.92169935
G:/Sign_language_GNN/model/imagedata-main\A\79.jpg,A,0.930575
G:/Sign_language_GNN/model/imagedata-main\A\8.jpg,0,0.71095043
G:/Sign_language_GNN/model/imagedata-main\A\81.jpg,A,0.95017064
G:/Sign_language_GNN/model/imagedata-main\A\82.jpg,A,0.9334203
G:/Sign_language_GNN/model/imagedata-main\A\83.jpg,0,0.53637856
G:/Sign_language_GNN/model/imagedata-main\A\84.jpg,A,0.9669416
G:/Sign_language_GNN/model/imagedata-main\A\85.jpg,A,0.9743245
G:/Sign_language_GNN/model/imagedata-main\A\86.jpg,A,0.9749713
G:/Sign_language_GNN/model/imagedata-main\A\87.jpg,A,0.9735873
G:/Sign_language_GNN/model/imagedata-main\A\88.jpg,A,0.97764677
G:/Sign_language_GNN/model/imagedata-main\A\89.jpg,A,0.977402
G:/Sign_language_GNN/model/imagedata-main\A\9.jpg,0,0.7349681
G:/Sign_language_GNN/model/imagedata-main\A\90.jpg,A,0.9743397
G:/Sign_language_GNN/model/imagedata-main\A\91.jpg,A,0.96902263
G:/Sign_language_GNN/model/imagedata-main\A\92.jpg,A,0.9768396
G:/Sign_language_GNN/model/imagedata-main\A\93.jpg,A,0.9504036
G:/Sign_language_GNN/model/imagedata-main\A\94.jpg,A,0.96977836
G:/Sign_language_GNN/model/imagedata-main\A\95.jpg,A,0.9785588
G:/Sign_language_GNN/model/imagedata-main\A\96.jpg,A,0.9792853
G:/Sign_language_GNN/model/imagedata-main\A\97.jpg,A,0.9790323
G:/Sign_language_GNN/model/imagedata-main\A\98.jpg,A,0.93509823
G:/Sign_language_GNN/model/imagedata-main\A\99.jpg,A,0.97722214
G:/Sign_language_GNN/model/imagedata-main\B\0.jpg,C,0.83502644
G:/Sign_language_GNN/model/imagedata-main\B\1.jpg,B,0.9916769
G:/Sign_language_GNN/model/imagedata-main\B\10.jpg,B,0.9919127
G:/Sign_language_GNN/model/imagedata-main\B\100.jpg,B,0.9948738
G:/Sign_language_GNN/model/imagedata-main\B\101.jpg,B,0.99163
G:/Sign_language_GNN/model/imagedata-main\B\102.jpg,B,0.9949595
G:/Sign_language_GNN/model/imagedata-main\B\103.jpg,B,0.9946197
G:/Sign_language_GNN/model/imagedata-main\B\104.jpg,B,0.9952625
G:/Sign_language_GNN/model/imagedata-main\B\105.jpg,B,0.99459547
G:/Sign_language_GNN/model/imagedata-main\B\106.jpg,B,0.99525154
G:/Sign_language_GNN/model/imagedata-main\B\107.jpg,B,0.991899
G:/Sign_language_GNN/model/imagedata-main\B\108.jpg,B,0.99374616
G:/Sign_language_GNN/model/imagedata-main\B\109.jpg,B,0.9934336
G:/Sign_language_GNN/model/imagedata-main\B\11.jpg,B,0.9909314
G:/Sign_language_GNN/model/imagedata-main\B\110.jpg,B,0.99146783
G:/Sign_language_GNN/model/imagedata-main\B\111.jpg,B,0.9924493
G:/Sign_language_GNN/model/imagedata-main\B\112.jpg,B,0.9898812
G:/Sign_language_GNN/model/imagedata-main\B\113.jpg,B,0.9898699
G:/Sign_language_GNN/model/imagedata-main\B\114.jpg,B,0.99361223
G:/Sign_language_GNN/model/imagedata-main\B\115.jpg,B,0.9921766
G:/Sign_language_GNN/model/imagedata-main\B\116.jpg,B,0.9938983
G:/Sign_language_GNN/model/imagedata-main\B\117.jpg,B,0.9924555
G:/Sign_language_GNN/model/imagedata-main\B\118.jpg,B,0.9932093
G:/Sign_language_GNN/model/imagedata-main\B\119.jpg,B,0.9920229
G:/Sign_language_GNN/model/imagedata-main\B\12.jpg,B,0.9909366
G:/Sign_language_GNN/model/imagedata-main\B\120.jpg,B,0.99243116
G:/Sign_language_GNN/model/imagedata-main\B\121.jpg,B,0.9910262
G:/Sign_language_GNN/model/imagedata-main\B\122.jpg,B,0.9919974
G:/Sign_language_GNN/model/imagedata-main\B\123.jpg,B,0.99126923
G:/Sign_language_GNN/model/imagedata-main\B\124.jpg,B,0.99242145
G:/Sign_language_GNN/model/imagedata-main\B\125.jpg,B,0.9903583
G:/Sign_language_GNN/model/imagedata-main\B\126.jpg,B,0.9903583
G:/Sign_language_GNN/model/imagedata-main\B\127.jpg,B,0.9904694
G:/Sign_language_GNN/model/imagedata-main\B\128.jpg,B,0.98847616
G:/Sign_language_GNN/model/imagedata-main\B\129.jpg,B,0.9901248
G:/Sign_language_GNN/model/imagedata-main\B\13.jpg,B,0.98973924
G:/Sign_language_GNN/model/imagedata-main\B\130.jpg,B,0.9907102
G:/Sign_language_GNN/model/imagedata-main\B\131.jpg,B,0.9879799
G:/Sign_language_GNN/model/imagedata-main\B\132.jpg,B,0.9862802
G:/Sign_language_GNN/model/imagedata-main\B\133.jpg,B,0.9850021
G:/Sign_language_GNN/model/imagedata-main\B\134.jpg,B,0.98506457
G:/Sign_language_GNN/model/imagedata-main\B\135.jpg,B,0.9813095
G:/Sign_language_GNN/model/imagedata-main\B\136.jpg,B,0.9826818
G:/Sign_language_GNN/model/imagedata-main\B\137.jpg,B,0.97839534
G:/Sign_language_GNN/model/imagedata-main\B\138.jpg,B,0.9718802
G:/Sign_language_GNN/model/imagedata-main\B\139.jpg,B,0.9683805
G:/Sign_language_GNN/model/imagedata-main\B\14.jpg,B,0.99051887
G:/Sign_language_GNN/model/imagedata-main\B\140.jpg,B,0.953619
G:/Sign_language_GNN/model/imagedata-main\B\141.jpg,B,0.9571193
G:/Sign_language_GNN/model/imagedata-main\B\142.jpg,B,0.9484092
G:/Sign_language_GNN/model/imagedata-main\B\143.jpg,B,0.95543516
G:/Sign_language_GNN/model/imagedata-main\B\144.jpg,B,0.95216674
G:/Sign_language_GNN/model/imagedata-main\B\145.jpg,B,0.9545906
G:/Sign_language_GNN/model/imagedata-main\B\146.jpg,B,0.95186013
G:/Sign_language_GNN/model/imagedata-main\B\147.jpg,B,0.9612853
G:/Sign_language_GNN/model/imagedata-main\B\148.jpg,B,0.95128995
G:/Sign_language_GNN/model/imagedata-main\B\149.jpg,B,0.9516681
G:/Sign_language_GNN/model/imagedata-main\B\15.jpg,B,0.9894366
G:/Sign_language_GNN/model/imagedata-main\B\150.jpg,B,0.9609064
G:/Sign_language_GNN/model/imagedata-main\B\151.jpg,B,0.9645676
G:/Sign_language_GNN/model/imagedata-main\B\152.jpg,B,0.96792585
G:/Sign_language_GNN/model/imagedata-main\B\153.jpg,B,0.95989525
G:/Sign_language_GNN/model/imagedata-main\B\154.jpg,B,0.95373255
G:/Sign_language_GNN/model/imagedata-main\B\155.jpg,B,0.9546536
G:/Sign_language_GNN/model/imagedata-main\B\156.jpg,B,0.93906915
G:/Sign_language_GNN/model/imagedata-main\B\157.jpg,B,0.94805086
G:/Sign_language_GNN/model/imagedata-main\B\158.jpg,B,0.94906414
G:/Sign_language_GNN/model/imagedata-main\B\159.jpg,B,0.96090233
G:/Sign_language_GNN/model/imagedata-main\B\16.jpg,B,0.9892418
G:/Sign_language_GNN/model/imagedata-main\B\160.jpg,B,0.9643293
G:/Sign_language_GNN/model/imagedata-main\B\161.jpg,B,0.96543646
G:/Sign_language_GNN/model/imagedata-main\B\162.jpg,B,0.9627787
G:/Sign_language_GNN/model/imagedata-main\B\163.jpg,B,0.96709454
G:/Sign_language_GNN/model/imagedata-main\B\164.jpg,B,0.9655706
G:/Sign_language_GNN/model/imagedata-main\B\165.jpg,B,0.96735597
G:/Sign_language_GNN/model/imagedata-main\B\166.jpg,B,0.96076906
G:/Sign_language_GNN/model/imagedata-main\B\167.jpg,B,0.96081996
G:/Sign_language_GNN/model/imagedata-main\B\168.jpg,B,0.9679924
G:/Sign_language_GNN/model/imagedata-main\B\169.jpg,B,0.96611387
G:/Sign_language_GNN/model/imagedata-main\B\17.jpg,B,0.98820424
G:/Sign_language_GNN/model/imagedata-main\B\170.jpg,B,0.96883464
G:/Sign_language_GNN/model/imagedata-main\B\171.jpg,B,0.96985716
G:/Sign_language_GNN/model/imagedata-main\B\172.jpg,B,0.9681599
G:/Sign_language_GNN/model/imagedata-main\B\173.jpg,B,0.9661482
G:/Sign_language_GNN/model/imagedata-main\B\174.jpg,B,0.9644144
G:/Sign_language_GNN/model/imagedata-main\B\175.jpg,B,0.9644144
G:/Sign_language_GNN/model/imagedata-main\B\176.jpg,B,0.9661872
G:/Sign_language_GNN/model/imagedata-main\B\177.jpg,B,0.9680265
G:/Sign_language_GNN/model/imagedata-main\B\178.jpg,B,0.9675127
G:/Sign_language_GNN/model/imagedata-main\B\179.jpg,B,0.96250266
G:/Sign_language_GNN/model/imagedata-main\B\18.jpg,B,0.9815019
G:/Sign_language_GNN/model/imagedata-main\B\180.jpg,B,0.9611008
G:/Sign_language_GNN/model/imagedata-main\B\181.jpg,B,0.9568986
G:/Sign_language_GNN/model/imagedata-main\B\182.jpg,B,0.9668269
G:/Sign_language_GNN/model/imagedata-main\B\183.jpg,B,0.96148944
G:/Sign_language_GNN/model/imagedata-main\B\184.jpg,B,0.96171474
G:/Sign_language_GNN/model/imagedata-main\B\185.jpg,B,0.96321505
G:/Sign_language_GNN/model/imagedata-main\B\186.jpg,B,0.9868362
G:/Sign_language_GNN/model/imagedata-main\B\187.jpg,B,0.98853046
G:/Sign_language_GNN/model/imagedata-main\B\188.jpg,B,0.9896311
G:/Sign_language_GNN/model/imagedata-main\B\189.jpg,B,0.99079657
G:/Sign_language_GNN/model/imagedata-main\B\19.jpg,B,0.990633
G:/Sign_language_GNN/model/imagedata-main\B\190.jpg,B,0.9916501
G:/Sign_language_GNN/model/imagedata-main\B\191.jpg,B,0.9927248
G:/Sign_language_GNN/model/imagedata-main\B\192.jpg,B,0.9929075
G:/Sign_language_GNN/model/imagedata-main\B\193.jpg,B,0.99323165
G:/Sign_language_GNN/model/imagedata-main\B\194.jpg,B,0.9935522
G:/Sign_language_GNN/model/imagedata-main\B\195.jpg,B,0.9931022
G:/Sign_language_GNN/model/imagedata-main\B\196.jpg,B,0.9934263
G:/Sign_language_GNN/model/imagedata-main\B\197.jpg,B,0.99321884
G:/Sign_language_GNN/model/imagedata-main\B\198.jpg,B,0.99393326
G:/Sign_language_GNN/model/imagedata-main\B\199.jpg,B,0.99283665
G:/Sign_language_GNN/model/imagedata-main\B\2.jpg,B,0.99255615
G:/Sign_language_GNN/model/imagedata-main\B\20.jpg,B,0.9917719
G:/Sign_language_GNN/model/imagedata-main\B\21.jpg,B,0.9930187
G:/Sign_language_GNN/model/imagedata-main\B\22.jpg,B,0.99353975
G:/Sign_language_GNN/model/imagedata-main\B\23.jpg,B,0.9938624
G:/Sign_language_GNN/model/imagedata-main\B\24.jpg,B,0.9940102
G:/Sign_language_GNN/model/imagedata-main\B\25.jpg,B,0.9944167
G:/Sign_language_GNN/model/imagedata-main\B\26.jpg,B,0.9944864
G:/Sign_language_GNN/model/imagedata-main\B\27.jpg,B,0.99457425
G:/Sign_language_GNN/model/imagedata-main\B\28.jpg,B,0.9942842
G:/Sign_language_GNN/model/imagedata-main\B\29.jpg,B,0.9935495
G:/Sign_language_GNN/model/imagedata-main\B\3.jpg,B,0.99262637
G:/Sign_language_GNN/model/imagedata-main\B\30.jpg,B,0.99380153
G:/Sign_language_GNN/model/imagedata-main\B\31.jpg,B,0.9938512
G:/Sign_language_GNN/model/imagedata-main\B\32.jpg,B,0.99350893
G:/Sign_language_GNN/model/imagedata-main\B\33.jpg,B,0.99247205
G:/Sign_language_GNN/model/imagedata-main\B\34.jpg,B,0.99190277
G:/Sign_language_GNN/model/imagedata-main\B\35.jpg,B,0.99338055
G:/Sign_language_GNN/model/imagedata-main\B\36.jpg,B,0.992301
G:/Sign_language_GNN/model/imagedata-main\B\37.jpg,B,0.9921937
G:/Sign_language_GNN/model/imagedata-main\B\38.jpg,B,0.99204284
G:/Sign_language_GNN/model/imagedata-main\B\39.jpg,B,0.99006593
G:/Sign_language_GNN/model/imagedata-main\B\4.jpg,B,0.9926037
G:/Sign_language_GNN/model/imagedata-main\B\40.jpg,B,0.99049723
G:/Sign_language_GNN/model/imagedata-main\B\41.jpg,B,0.9893817
G:/Sign_language_GNN/model/imagedata-main\B\42.jpg,B,0.9878754
G:/Sign_language_GNN/model/imagedata-main\B\43.jpg,B,0.9887921
G:/Sign_language_GNN/model/imagedata-main\B\44.jpg,B,0.9874707
G:/Sign_language_GNN/model/imagedata-main\B\45.jpg,B,0.9854012
G:/Sign_language_GNN/model/imagedata-main\B\46.jpg,B,0.98236334
G:/Sign_language_GNN/model/imagedata-main\B\47.jpg,B,0.9818397
G:/Sign_language_GNN/model/imagedata-main\B\48.jpg,B,0.97974545
G:/Sign_language_GNN/model/imagedata-main\B\49.jpg,B,0.97969395
G:/Sign_language_GNN/model/imagedata-main\B\5.jpg,B,0.9928109
G:/Sign_language_GNN/model/imagedata-main\B\50.jpg,B,0.9732789
G:/Sign_language_GNN/model/imagedata-main\B\51.jpg,B,0.9892791
G:/Sign_language_GNN/model/imagedata-main\B\52.jpg,B,0.99460715
G:/Sign_language_GNN/model/imagedata-main\B\53.jpg,B,0.99413836
G:/Sign_language_GNN/model/imagedata-main\B\54.jpg,B,0.9936698
G:/Sign_language_GNN/model/imagedata-main\B\55.jpg,B,0.99285805
G:/Sign_language_GNN/model/imagedata-main\B\56.jpg,B,0.9922013
G:/Sign_language_GNN/model/imagedata-main\B\57.jpg,B,0.9907176
G:/Sign_language_GNN/model/imagedata-main\B\58.jpg,B,0.9881236
G:/Sign_language_GNN/model/imagedata-main\B\59.jpg,B,0.98473597
G:/Sign_language_GNN/model/imagedata-main\B\6.jpg,B,0.99351865
G:/Sign_language_GNN/model/imagedata-main\B\60.jpg,B,0.99459815
G:/Sign_language_GNN/model/imagedata-main\B\61.jpg,B,0.98905236
G:/Sign_language_GNN/model/imagedata-main\B\62.jpg,B,0.9784525
G:/Sign_language_GNN/model/imagedata-main\B\63.jpg,B,0.9890603
G:/Sign_language_GNN/model/imagedata-main\B\64.jpg,B,0.9894895
G:/Sign_language_GNN/model/imagedata-main\B\65.jpg,B,0.9877416
G:/Sign_language_GNN/model/imagedata-main\B\66.jpg,B,0.9928041
G:/Sign_language_GNN/model/imagedata-main\B\67.jpg,B,0.99313426
G:/Sign_language_GNN/model/imagedata-main\B\68.jpg,B,0.99509156
G:/Sign_language_GNN/model/imagedata-main\B\69.jpg,B,0.9943023
G:/Sign_language_GNN/model/imagedata-main\B\7.jpg,B,0.99341667
G:/Sign_language_GNN/model/imagedata-main\B\70.jpg,B,0.99443805
G:/Sign_language_GNN/model/imagedata-main\B\71.jpg,B,0.99441385
G:/Sign_language_GNN/model/imagedata-main\B\72.jpg,B,0.9911795
G:/Sign_language_GNN/model/imagedata-main\B\73.jpg,B,0.9911045
G:/Sign_language_GNN/model/imagedata-main\B\74.jpg,C,0.9893349
G:/Sign_language_GNN/model/imagedata-main\B\75.jpg,B,0.8042503
G:/Sign_language_GNN/model/imagedata-main\B\76.jpg,B,0.9534594
G:/Sign_language_GNN/model/imagedata-main\B\77.jpg,B,0.9622181
G:/Sign_language_GNN/model/imagedata-main\B\78.jpg,B,0.9403066
G:/Sign_language_GNN/model/imagedata-main\B\79.jpg,B,0.9533663
G:/Sign_language_GNN/model/imagedata-main\B\8.jpg,B,0.99333656
G:/Sign_language_GNN/model/imagedata-main\B\80.jpg,B,0.9557068
G:/Sign_language_GNN/model/imagedata-main\B\81.jpg,B,0.96188074
G:/Sign_language_GNN/model/imagedata-main\B\82.jpg,B,0.9554715
G:/Sign_language_GNN/model/imagedata-main\B\83.jpg,B,0.978506
G:/Sign_language_GNN/model/imagedata-main\B\84.jpg,B,0.98563045
G:/Sign_language_GNN/model/imagedata-main\B\85.jpg,B,0.98733085
G:/Sign_language_GNN/model/imagedata-main\B\86.jpg,B,0.9904991
G:/Sign_language_GNN/model/imagedata-main\B\87.jpg,B,0.990737
G:/Sign_language_GNN/model/imagedata-main\B\88.jpg,B,0.9934949
G:/Sign_language_GNN/model/imagedata-main\B\89.jpg,B,0.99188083
G:/Sign_language_GNN/model/imagedata-main\B\9.jpg,B,0.99296725
G:/Sign_language_GNN/model/imagedata-main\B\90.jpg,B,0.9934355
G:/Sign_language_GNN/model/imagedata-main\B\91.jpg,B,0.99144554
G:/Sign_language_GNN/model/imagedata-main\B\92.jpg,B,0.99010676
G:/Sign_language_GNN/model/imagedata-main\B\93.jpg,B,0.9929053
G:/Sign_language_GNN/model/imagedata-main\B\94.jpg,B,0.98974633
G:/Sign_language_GNN/model/imagedata-main\B\95.jpg,B,0.9940348
G:/Sign_language_GNN/model/imagedata-main\B\96.jpg,B,0.99273586
G:/Sign_language_GNN/model/imagedata-main\B\97.jpg,B,0.99307394
G:/Sign_language_GNN/model/imagedata-main\B\98.jpg,B,0.9953939
G:/Sign_language_GNN/model/imagedata-main\B\99.jpg,B,0.9930661
G:/Sign_language_GNN/model/imagedata-main\C\0.jpg,C,0.4825131
G:/Sign_language_GNN/model/imagedata-main\C\1.jpg,C,0.48788548
G:/Sign_language_GNN/model/imagedata-main\C\10.jpg,C,0.58777416
G:/Sign_language_GNN/model/imagedata-main\C\100.jpg,C,0.99297607
G:/Sign_language_GNN/model/imagedata-main\C\101.jpg,C,0.99396616
G:/Sign_language_GNN/model/imagedata-main\C\102.jpg,C,0.97742563
G:/Sign_language_GNN/model/imagedata-main\C\103.jpg,C,0.8840289
G:/Sign_language_GNN/model/imagedata-main\C\104.jpg,C,0.89953583
G:/Sign_language_GNN/model/imagedata-main\C\105.jpg,C,0.9075222
G:/Sign_language_GNN/model/imagedata-main\C\106.jpg,C,0.9245873
G:/Sign_language_GNN/model/imagedata-main\C\107.jpg,C,0.9196833
G:/Sign_language_GNN/model/imagedata-main\C\108.jpg,C,0.9257451
G:/Sign_language_GNN/model/imagedata-main\C\109.jpg,C,0.93952394
G:/Sign_language_GNN/model/imagedata-main\C\110.jpg,C,0.95147693
G:/Sign_language_GNN/model/imagedata-main\C\111.jpg,C,0.92076194
G:/Sign_language_GNN/model/imagedata-main\C\112.jpg,C,0.95571697
G:/Sign_language_GNN/model/imagedata-main\C\113.jpg,C,0.956767
G:/Sign_language_GNN/model/imagedata-main\C\114.jpg,C,0.9502962
G:/Sign_language_GNN/model/imagedata-main\C\115.jpg,C,0.97226655
G:/Sign_language_GNN/model/imagedata-main\C\116.jpg,C,0.9763957
G:/Sign_language_GNN/model/imagedata-main\C\117.jpg,C,0.96717405
G:/Sign_language_GNN/model/imagedata-main\C\118.jpg,C,0.95438427
G:/Sign_language_GNN/model/imagedata-main\C\119.jpg,C,0.9260522
G:/Sign_language_GNN/model/imagedata-main\C\120.jpg,C,0.92431647
G:/Sign_language_GNN/model/imagedata-main\C\121.jpg,C,0.93717045
G:/Sign_language_GNN/model/imagedata-main\C\122.jpg,C,0.8702382
G:/Sign_language_GNN/model/imagedata-main\C\123.jpg,C,0.8434724
G:/Sign_language_GNN/model/imagedata-main\C\124.jpg,C,0.7222973
G:/Sign_language_GNN/model/imagedata-main\C\125.jpg,C,0.5588654
G:/Sign_language_GNN/model/imagedata-main\C\126.jpg,C,0.58489037
G:/Sign_language_GNN/model/imagedata-main\C\127.jpg,0,0.5013906
G:/Sign_language_GNN/model/imagedata-main\C\128.jpg,C,0.62376755
G:/Sign_language_GNN/model/imagedata-main\C\129.jpg,C,0.5216058
G:/Sign_language_GNN/model/imagedata-main\C\13.jpg,C,0.6389227
G:/Sign_language_GNN/model/imagedata-main\C\130.jpg,C,0.5890184
G:/Sign_language_GNN/model/imagedata-main\C\131.jpg,C,0.50779253
G:/Sign_language_GNN/model/imagedata-main\C\132.jpg,C,0.58039856
G:/Sign_language_GNN/model/imagedata-main\C\133.jpg,C,0.58039856
G:/Sign_language_GNN/model/imagedata-main\C\134.jpg,0,0.52470857
G:/Sign_language_GNN/model/imagedata-main\C\135.jpg,C,0.7381476
G:/Sign_language_GNN/model/imagedata-main\C\136.jpg,C,0.74031687
G:/Sign_language_GNN/model/imagedata-main\C\137.jpg,C,0.7881966
G:/Sign_language_GNN/model/imagedata-main\C\138.jpg,C,0.761049
G:/Sign_language_GNN/model/imagedata-main\C\139.jpg,C,0.77271324
G:/Sign_language_GNN/model/imagedata-main\C\14.jpg,C,0.6536396
G:/Sign_language_GNN/model/imagedata-main\C\140.jpg,C,0.80598456
G:/Sign_language_GNN/model/imagedata-main\C\141.jpg,C,0.71279925
G:/Sign_language_GNN/model/imagedata-main\C\142.jpg,C,0.6510228
G:/Sign_language_GNN/model/imagedata-main\C\143.jpg,C,0.6791073
G:/Sign_language_GNN/model/imagedata-main\C\144.jpg,C,0.6923914
G:/Sign_language_GNN/model/imagedata-main\C\145.jpg,C,0.60633373
G:/Sign_language_GNN/model/imagedata-main\C\146.jpg,0,0.5214599
G:/Sign_language_GNN/model/imagedata-main\C\147.jpg,C,0.52328897
G:/Sign_language_GNN/model/imagedata-main\C\148.jpg,C,0.5282626
G:/Sign_language_GNN/model/imagedata-main\C\149.jpg,C,0.5594614
G:/Sign_language_GNN/model/imagedata-main\C\15.jpg,C,0.6201504
G:/Sign_language_GNN/model/imagedata-main\C\150.jpg,C,0.54229784
G:/Sign_language_GNN/model/imagedata-main\C\151.jpg,C,0.60664296
G:/Sign_language_GNN/model/imagedata-main\C\152.jpg,C,0.6535407
G:/Sign_language_GNN/model/imagedata-main\C\153.jpg,C,0.69444174
G:/Sign_language_GNN/model/imagedata-main\C\154.jpg,C,0.7777437
G:/Sign_language_GNN/model/imagedata-main\C\155.jpg,C,0.79336923
G:/Sign_language_GNN/model/imagedata-main\C\156.jpg,C,0.91429675
G:/Sign_language_GNN/model/imagedata-main\C\157.jpg,C,0.96797425
G:/Sign_language_GNN/model/imagedata-main\C\158.jpg,C,0.9800102
G:/Sign_language_GNN/model/imagedata-main\C\159.jpg,C,0.97967964
G:/Sign_language_GNN/model/imagedata-main\C\16.jpg,C,0.56386214
G:/Sign_language_GNN/model/imagedata-main\C\160.jpg,C,0.98157054
G:/Sign_language_GNN/model/imagedata-main\C\161.jpg,C,0.99149334
G:/Sign_language_GNN/model/imagedata-main\C\162.jpg,C,0.9920621
G:/Sign_language_GNN/model/imagedata-main\C\163.jpg,C,0.9938308
G:/Sign_language_GNN/model/imagedata-main\C\164.jpg,C,0.9941948
G:/Sign_language_GNN/model/imagedata-main\C\165.jpg,C,0.99520135
G:/Sign_language_GNN/model/imagedata-main\C\166.jpg,C,0.995284
G:/Sign_language_GNN/model/imagedata-main\C\167.jpg,C,0.9957331
G:/Sign_language_GNN/model/imagedata-main\C\168.jpg,C,0.99545705
G:/Sign_language_GNN/model/imagedata-main\C\169.jpg,C,0.99556005
G:/Sign_language_GNN/model/imagedata-main\C\17.jpg,C,0.5875612
G:/Sign_language_GNN/model/imagedata-main\C\170.jpg,C,0.9956067
G:/Sign_language_GNN/model/imagedata-main\C\171.jpg,C,0.9957604
G:/Sign_language_GNN/model/imagedata-main\C\172.jpg,C,0.99521685
G:/Sign_language_GNN/model/imagedata-main\C\173.jpg,C,0.99491197
G:/Sign_language_GNN/model/imagedata-main\C\174.jpg,C,0.9944377
G:/Sign_language_GNN/model/imagedata-main\C\175.jpg,C,0.9946833
G:/Sign_language_GNN/model/imagedata-main\C\176.jpg,C,0.99319154
G:/Sign_language_GNN/model/imagedata-main\C\177.jpg,C,0.9937571
G:/Sign_language_GNN/model/imagedata-main\C\178.jpg,C,0.9942983
G:/Sign_language_GNN/model/imagedata-main\C\179.jpg,C,0.9948656
G:/Sign_language_GNN/model/imagedata-main\C\180.jpg,C,0.993437
G:/Sign_language_GNN/model/imagedata-main\C\181.jpg,C,0.99495465
G:/Sign_language_GNN/model/imagedata-main\C\182.jpg,C,0.994145
G:/Sign_language_GNN/model/imagedata-main\C\183.jpg,C,0.9952787
G:/Sign_language_GNN/model/imagedata-main\C\184.jpg,C,0.9929091
G:/Sign_language_GNN/model/imagedata-main\C\185.jpg,C,0.99426323
G:/Sign_language_GNN/model/imagedata-main\C\186.jpg,C,0.9899743
G:/Sign_language_GNN/model/imagedata-main\C\187.jpg,C,0.9931937
G:/Sign_language_GNN/model/imagedata-main\C\188.jpg,C,0.99454653
G:/Sign_language_GNN/model/imagedata-main\C\189.jpg,C,0.9928752
G:/Sign_language_GNN/model/imagedata-main\C\190.jpg,C,0.99429
G:/Sign_language_GNN/model/imagedata-main\C\191.jpg,C,0.9944159
G:/Sign_language_GNN/model/imagedata-main\C\192.jpg,C,0.97412246
G:/Sign_language_GNN/model/imagedata-main\C\193.jpg,C,0.5277573
G:/Sign_language_GNN/model/imagedata-main\C\194.jpg,C,0.4997271
G:/Sign_language_GNN/model/imagedata-main\C\195.jpg,C,0.5098484
G:/Sign_language_GNN/model/imagedata-main\C\196.jpg,0,0.54330724
G:/Sign_language_GNN/model/imagedata-main\C\197.jpg,0,0.60897183
G:/Sign_language_GNN/model/imagedata-main\C\198.jpg,0,0.5493542
G:/Sign_language_GNN/model/imagedata-main\C\199.jpg,0,0.6575773
G:/Sign_language_GNN/model/imagedata-main\C\2.jpg,C,0.97757703
G:/Sign_language_GNN/model/imagedata-main\C\25.jpg,0,0.473783
G:/Sign_language_GNN/model/imagedata-main\C\26.jpg,0,0.569084
G:/Sign_language_GNN/model/imagedata-main\C\27.jpg,0,0.54862475
G:/Sign_language_GNN/model/imagedata-main\C\28.jpg,0,0.48830807
G:/Sign_language_GNN/model/imagedata-main\C\29.jpg,C,0.83919126
G:/Sign_language_GNN/model/imagedata-main\C\3.jpg,C,0.7998673
G:/Sign_language_GNN/model/imagedata-main\C\30.jpg,C,0.48082063
G:/Sign_language_GNN/model/imagedata-main\C\31.jpg,C,0.71023244
G:/Sign_language_GNN/model/imagedata-main\C\32.jpg,C,0.86026543
G:/Sign_language_GNN/model/imagedata-main\C\33.jpg,C,0.9653487
G:/Sign_language_GNN/model/imagedata-main\C\34.jpg,C,0.97598356
G:/Sign_language_GNN/model/imagedata-main\C\35.jpg,C,0.99109405
G:/Sign_language_GNN/model/imagedata-main\C\36.jpg,C,0.9932856
G:/Sign_language_GNN/model/imagedata-main\C\37.jpg,C,0.99357224
G:/Sign_language_GNN/model/imagedata-main\C\38.jpg,C,0.99350315
G:/Sign_language_GNN/model/imagedata-main\C\39.jpg,C,0.99162334
G:/Sign_language_GNN/model/imagedata-main\C\4.jpg,C,0.8086248
G:/Sign_language_GNN/model/imagedata-main\C\40.jpg,C,0.9918738
G:/Sign_language_GNN/model/imagedata-main\C\41.jpg,C,0.98979855
G:/Sign_language_GNN/model/imagedata-main\C\42.jpg,C,0.98978287
G:/Sign_language_GNN/model/imagedata-main\C\43.jpg,C,0.9884748
G:/Sign_language_GNN/model/imagedata-main\C\44.jpg,C,0.9866992
G:/Sign_language_GNN/model/imagedata-main\C\45.jpg,C,0.9913707
G:/Sign_language_GNN/model/imagedata-main\C\46.jpg,C,0.9908013
G:/Sign_language_GNN/model/imagedata-main\C\47.jpg,C,0.9836236
G:/Sign_language_GNN/model/imagedata-main\C\48.jpg,C,0.98981595
G:/Sign_language_GNN/model/imagedata-main\C\49.jpg,C,0.98729473
G:/Sign_language_GNN/model/imagedata-main\C\5.jpg,C,0.8079793
G:/Sign_language_GNN/model/imagedata-main\C\50.jpg,C,0.9789972
G:/Sign_language_GNN/model/imagedata-main\C\51.jpg,C,0.977116
G:/Sign_language_GNN/model/imagedata-main\C\52.jpg,C,0.9656163
G:/Sign_language_GNN/model/imagedata-main\C\53.jpg,C,0.96763706
G:/Sign_language_GNN/model/imagedata-main\C\54.jpg,C,0.94743
G:/Sign_language_GNN/model/imagedata-main\C\55.jpg,C,0.9021815
G:/Sign_language_GNN/model/imagedata-main\C\56.jpg,C,0.85557425
G:/Sign_language_GNN/model/imagedata-main\C\57.jpg,C,0.8374303
G:/Sign_language_GNN/model/imagedata-main\C\58.jpg,C,0.75966585
G:/Sign_language_GNN/model/imagedata-main\C\59.jpg,C,0.7662419
G:/Sign_language_GNN/model/imagedata-main\C\6.jpg,C,0.76834047
G:/Sign_language_GNN/model/imagedata-main\C\60.jpg,C,0.82772297
G:/Sign_language_GNN/model/imagedata-main\C\61.jpg,C,0.8391336
G:/Sign_language_GNN/model/imagedata-main\C\62.jpg,C,0.79980725
G:/Sign_language_GNN/model/imagedata-main\C\63.jpg,C,0.85449594
G:/Sign_language_GNN/model/imagedata-main\C\64.jpg,C,0.95376474
G:/Sign_language_GNN/model/imagedata-main\C\65.jpg,C,0.9899838
G:/Sign_language_GNN/model/imagedata-main\C\66.jpg,C,0.9863544
G:/Sign_language_GNN/model/imagedata-main\C\67.jpg,C,0.9941175
G:/Sign_language_GNN/model/imagedata-main\C\68.jpg,C,0.976105
G:/Sign_language_GNN/model/imagedata-main\C\69.jpg,C,0.9837329
G:/Sign_language_GNN/model/imagedata-main\C\7.jpg,C,0.72083133
G:/Sign_language_GNN/model/imagedata-main\C\70.jpg,C,0.979901
G:/Sign_language_GNN/model/imagedata-main\C\71.jpg,C,0.9585874
G:/Sign_language_GNN/model/imagedata-main\C\72.jpg,C,0.9671002
G:/Sign_language_GNN/model/imagedata-main\C\73.jpg,C,0.9825982
G:/Sign_language_GNN/model/imagedata-main\C\74.jpg,C,0.95391464
G:/Sign_language_GNN/model/imagedata-main\C\75.jpg,C,0.9901155
G:/Sign_language_GNN/model/imagedata-main\C\76.jpg,C,0.9745817
G:/Sign_language_GNN/model/imagedata-main\C\77.jpg,C,0.94312954
G:/Sign_language_GNN/model/imagedata-main\C\78.jpg,C,0.9726915
G:/Sign_language_GNN/model/imagedata-main\C\79.jpg,C,0.91138697
G:/Sign_language_GNN/model/imagedata-main\C\8.jpg,C,0.5435858
G:/Sign_language_GNN/model/imagedata-main\C\80.jpg,0,0.5606984
G:/Sign_language_GNN/model/imagedata-main\C\81.jpg,C,0.6861447
G:/Sign_language_GNN/model/imagedata-main\C\82.jpg,C,0.7078422
G:/Sign_language_GNN/model/imagedata-main\C\83.jpg,C,0.97274673
G:/Sign_language_GNN/model/imagedata-main\C\84.jpg,C,0.728768
G:/Sign_language_GNN/model/imagedata-main\C\85.jpg,C,0.9902012
G:/Sign_language_GNN/model/imagedata-main\C\86.jpg,C,0.9566023
G:/Sign_language_GNN/model/imagedata-main\C\87.jpg,C,0.972594
G:/Sign_language_GNN/model/imagedata-main\C\88.jpg,C,0.98713404
G:/Sign_language_GNN/model/imagedata-main\C\89.jpg,C,0.98947465
G:/Sign_language_GNN/model/imagedata-main\C\90.jpg,C,0.98124975
G:/Sign_language_GNN/model/imagedata-main\C\91.jpg,C,0.9900213
G:/Sign_language_GNN/model/imagedata-main\C\92.jpg,C,0.99362
G:/Sign_language_GNN/model/imagedata-main\C\93.jpg,C,0.9953719
G:/Sign_language_GNN/model/imagedata-main\C\94.jpg,C,0.99487114
G:/Sign_language_GNN/model/imagedata-main\C\95.jpg,C,0.9939856
G:/Sign_language_GNN/model/imagedata-main\C\96.jpg,C,0.9929108
G:/Sign_language_GNN/model/imagedata-main\C\97.jpg,C,0.9953107
G:/Sign_language_GNN/model/imagedata-main\C\98.jpg,C,0.99315065
G:/Sign_language_GNN/model/imagedata-main\C\99.jpg,C,0.99298084
